[      59ms] [ERROR] Failed to load resource: net::ERR_FAILED @ chrome-extension://invalid/:0
[     161ms] [ERROR] Failed to load resource: net::ERR_FAILED @ chrome-extension://invalid/:0
[     262ms] [ERROR] Failed to load resource: net::ERR_FAILED @ chrome-extension://invalid/:0
[     364ms] [ERROR] Failed to load resource: net::ERR_FAILED @ chrome-extension://invalid/:0
[     465ms] [ERROR] Failed to load resource: net::ERR_FAILED @ chrome-extension://invalid/:0
[     568ms] [ERROR] Failed to load resource: net::ERR_FAILED @ chrome-extension://invalid/:0
[     669ms] [ERROR] Failed to load resource: net::ERR_FAILED @ chrome-extension://invalid/:0
[     771ms] [ERROR] Failed to load resource: net::ERR_FAILED @ chrome-extension://invalid/:0
[     872ms] [ERROR] Failed to load resource: net::ERR_FAILED @ chrome-extension://invalid/:0
[     975ms] [ERROR] Failed to load resource: net::ERR_FAILED @ chrome-extension://invalid/:0
[    1079ms] [ERROR] Failed to load resource: net::ERR_FAILED @ chrome-extension://invalid/:0
[    1181ms] [ERROR] Failed to load resource: net::ERR_FAILED @ chrome-extension://invalid/:0
[    1283ms] [ERROR] Failed to load resource: net::ERR_FAILED @ chrome-extension://invalid/:0
[    1385ms] [ERROR] Failed to load resource: net::ERR_FAILED @ chrome-extension://invalid/:0
[    1487ms] [ERROR] Failed to load resource: net::ERR_FAILED @ chrome-extension://invalid/:0
[    1590ms] [ERROR] Failed to load resource: net::ERR_FAILED @ chrome-extension://invalid/:0
[    1692ms] [ERROR] Failed to load resource: net::ERR_FAILED @ chrome-extension://invalid/:0
[    1796ms] [ERROR] Failed to load resource: net::ERR_FAILED @ chrome-extension://invalid/:0
[    4320ms] [ERROR] Failed to load resource: net::ERR_FAILED @ chrome-extension://invalid/:0
[    4621ms] [ERROR] Failed to load resource: net::ERR_FAILED @ chrome-extension://invalid/:0
[    4761ms] [ERROR] Failed to load resource: net::ERR_FAILED @ chrome-extension://invalid/:0
[    4863ms] [ERROR] Failed to load resource: net::ERR_FAILED @ chrome-extension://invalid/:0
[    4965ms] [ERROR] Failed to load resource: net::ERR_FAILED @ chrome-extension://invalid/:0
[    5066ms] [ERROR] Failed to load resource: net::ERR_FAILED @ chrome-extension://invalid/:0
[    5180ms] [ERROR] Failed to load resource: net::ERR_FAILED @ chrome-extension://invalid/:0
[    5281ms] [ERROR] Failed to load resource: net::ERR_FAILED @ chrome-extension://invalid/:0
[    5382ms] [ERROR] Failed to load resource: net::ERR_FAILED @ chrome-extension://invalid/:0
[    5434ms] [ERROR] Failed to load resource: net::ERR_CONNECTION_CLOSED @ https://ads.stickyadstv.com/user-matching?id=3661&_t=1790759551314:0
[    5488ms] [ERROR] Failed to load resource: net::ERR_FAILED @ chrome-extension://invalid/:0
[    5594ms] [ERROR] Failed to load resource: net::ERR_FAILED @ chrome-extension://invalid/:0
[    5696ms] [ERROR] Failed to load resource: net::ERR_FAILED @ chrome-extension://invalid/:0
[    5797ms] [ERROR] Failed to load resource: net::ERR_FAILED @ chrome-extension://invalid/:0
[    5900ms] [ERROR] Failed to load resource: net::ERR_FAILED @ chrome-extension://invalid/:0
[    6001ms] [ERROR] Failed to load resource: net::ERR_FAILED @ chrome-extension://invalid/:0
[    6103ms] [ERROR] Failed to load resource: net::ERR_FAILED @ chrome-extension://invalid/:0
[    6205ms] [ERROR] Failed to load resource: net::ERR_FAILED @ chrome-extension://invalid/:0
[    6307ms] [ERROR] Failed to load resource: net::ERR_FAILED @ chrome-extension://invalid/:0
[    6408ms] [ERROR] Failed to load resource: net::ERR_FAILED @ chrome-extension://invalid/:0
[    6510ms] [ERROR] Failed to load resource: net::ERR_FAILED @ chrome-extension://invalid/:0
[    6612ms] [ERROR] Failed to load resource: net::ERR_FAILED @ chrome-extension://invalid/:0
[    6713ms] [ERROR] Failed to load resource: net::ERR_FAILED @ chrome-extension://invalid/:0
[    6816ms] [ERROR] Failed to load resource: net::ERR_FAILED @ chrome-extension://invalid/:0
[    6918ms] [ERROR] Failed to load resource: net::ERR_FAILED @ chrome-extension://invalid/:0
[    7021ms] [ERROR] Failed to load resource: net::ERR_FAILED @ chrome-extension://invalid/:0
[    7123ms] [ERROR] Failed to load resource: net::ERR_FAILED @ chrome-extension://invalid/:0
[    7225ms] [ERROR] Failed to load resource: net::ERR_FAILED @ chrome-extension://invalid/:0
[    7327ms] [ERROR] Failed to load resource: net::ERR_FAILED @ chrome-extension://invalid/:0
[    7429ms] [ERROR] Failed to load resource: net::ERR_FAILED @ chrome-extension://invalid/:0
[    7532ms] [ERROR] Failed to load resource: net::ERR_FAILED @ chrome-extension://invalid/:0
[    7633ms] [ERROR] Failed to load resource: net::ERR_FAILED @ chrome-extension://invalid/:0
[    7736ms] [ERROR] Failed to load resource: net::ERR_FAILED @ chrome-extension://invalid/:0
[    7837ms] [ERROR] Failed to load resource: net::ERR_FAILED @ chrome-extension://invalid/:0
[    7938ms] [ERROR] Failed to load resource: net::ERR_FAILED @ chrome-extension://invalid/:0
[    8040ms] [ERROR] Failed to load resource: net::ERR_FAILED @ chrome-extension://invalid/:0
[    8143ms] [ERROR] Failed to load resource: net::ERR_FAILED @ chrome-extension://invalid/:0
[    8245ms] [ERROR] Failed to load resource: net::ERR_FAILED @ chrome-extension://invalid/:0
[    8348ms] [ERROR] Failed to load resource: net::ERR_FAILED @ chrome-extension://invalid/:0
[    8451ms] [ERROR] Failed to load resource: net::ERR_FAILED @ chrome-extension://invalid/:0
[    8552ms] [ERROR] Failed to load resource: net::ERR_FAILED @ chrome-extension://invalid/:0
[    8655ms] [ERROR] Failed to load resource: net::ERR_FAILED @ chrome-extension://invalid/:0
[    8757ms] [ERROR] Failed to load resource: net::ERR_FAILED @ chrome-extension://invalid/:0
[    8866ms] [ERROR] Failed to load resource: net::ERR_FAILED @ chrome-extension://invalid/:0
[    8969ms] [ERROR] Failed to load resource: net::ERR_FAILED @ chrome-extension://invalid/:0
[    9072ms] [ERROR] Failed to load resource: net::ERR_FAILED @ chrome-extension://invalid/:0
[    9173ms] [ERROR] Failed to load resource: net::ERR_FAILED @ chrome-extension://invalid/:0
[    9276ms] [ERROR] Failed to load resource: net::ERR_FAILED @ chrome-extension://invalid/:0
[    9377ms] [ERROR] Failed to load resource: net::ERR_FAILED @ chrome-extension://invalid/:0
[    9480ms] [ERROR] Failed to load resource: net::ERR_FAILED @ chrome-extension://invalid/:0
[    9582ms] [ERROR] Failed to load resource: net::ERR_FAILED @ chrome-extension://invalid/:0
[    9720ms] [ERROR] Failed to load resource: net::ERR_FAILED @ chrome-extension://invalid/:0
[    9822ms] [ERROR] Failed to load resource: net::ERR_FAILED @ chrome-extension://invalid/:0
[    9923ms] [ERROR] Failed to load resource: net::ERR_FAILED @ chrome-extension://invalid/:0
[   10025ms] [ERROR] Failed to load resource: net::ERR_FAILED @ chrome-extension://invalid/:0
[   10128ms] [ERROR] Failed to load resource: net::ERR_FAILED @ chrome-extension://invalid/:0
[   10229ms] [ERROR] Failed to load resource: net::ERR_FAILED @ chrome-extension://invalid/:0
[   10332ms] [ERROR] Failed to load resource: net::ERR_FAILED @ chrome-extension://invalid/:0
[   10434ms] [ERROR] Failed to load resource: net::ERR_FAILED @ chrome-extension://invalid/:0
[   10536ms] [ERROR] Failed to load resource: net::ERR_FAILED @ chrome-extension://invalid/:0
[   10639ms] [ERROR] Failed to load resource: net::ERR_FAILED @ chrome-extension://invalid/:0
[   10741ms] [ERROR] Failed to load resource: net::ERR_FAILED @ chrome-extension://invalid/:0
[   10842ms] [ERROR] Failed to load resource: net::ERR_FAILED @ chrome-extension://invalid/:0
[   10943ms] [ERROR] Failed to load resource: net::ERR_FAILED @ chrome-extension://invalid/:0
[   11045ms] [ERROR] Failed to load resource: net::ERR_FAILED @ chrome-extension://invalid/:0
[   11147ms] [ERROR] Failed to load resource: net::ERR_FAILED @ chrome-extension://invalid/:0
[   11249ms] [ERROR] Failed to load resource: net::ERR_FAILED @ chrome-extension://invalid/:0
[   11352ms] [ERROR] Failed to load resource: net::ERR_FAILED @ chrome-extension://invalid/:0
[   11453ms] [ERROR] Failed to load resource: net::ERR_FAILED @ chrome-extension://invalid/:0
[   11556ms] [ERROR] Failed to load resource: net::ERR_FAILED @ chrome-extension://invalid/:0
[   11658ms] [ERROR] Failed to load resource: net::ERR_FAILED @ chrome-extension://invalid/:0
[   11760ms] [ERROR] Failed to load resource: net::ERR_FAILED @ chrome-extension://invalid/:0
[   11861ms] [ERROR] Failed to load resource: net::ERR_FAILED @ chrome-extension://invalid/:0
[   11962ms] [ERROR] Failed to load resource: net::ERR_FAILED @ chrome-extension://invalid/:0
[   12065ms] [ERROR] Failed to load resource: net::ERR_FAILED @ chrome-extension://invalid/:0
[   12166ms] [ERROR] Failed to load resource: net::ERR_FAILED @ chrome-extension://invalid/:0
[   12269ms] [ERROR] Failed to load resource: net::ERR_FAILED @ chrome-extension://invalid/:0
[   12372ms] [ERROR] Failed to load resource: net::ERR_FAILED @ chrome-extension://invalid/:0
[   12473ms] [ERROR] Failed to load resource: net::ERR_FAILED @ chrome-extension://invalid/:0
[   12576ms] [ERROR] Failed to load resource: net::ERR_FAILED @ chrome-extension://invalid/:0
[   12677ms] [ERROR] Failed to load resource: net::ERR_FAILED @ chrome-extension://invalid/:0
[   12780ms] [ERROR] Failed to load resource: net::ERR_FAILED @ chrome-extension://invalid/:0
[   12881ms] [ERROR] Failed to load resource: net::ERR_FAILED @ chrome-extension://invalid/:0
[   12983ms] [ERROR] Failed to load resource: net::ERR_FAILED @ chrome-extension://invalid/:0
[   13085ms] [ERROR] Failed to load resource: net::ERR_FAILED @ chrome-extension://invalid/:0
[   13187ms] [ERROR] Failed to load resource: net::ERR_FAILED @ chrome-extension://invalid/:0
[   13289ms] [ERROR] Failed to load resource: net::ERR_FAILED @ chrome-extension://invalid/:0
[   13391ms] [ERROR] Failed to load resource: net::ERR_FAILED @ chrome-extension://invalid/:0
[   13492ms] [ERROR] Failed to load resource: net::ERR_FAILED @ chrome-extension://invalid/:0
[   13595ms] [ERROR] Failed to load resource: net::ERR_FAILED @ chrome-extension://invalid/:0
[   13697ms] [ERROR] Failed to load resource: net::ERR_FAILED @ chrome-extension://invalid/:0
[   13799ms] [ERROR] Failed to load resource: net::ERR_FAILED @ chrome-extension://invalid/:0
[   13901ms] [ERROR] Failed to load resource: net::ERR_FAILED @ chrome-extension://invalid/:0
[   14002ms] [ERROR] Failed to load resource: net::ERR_FAILED @ chrome-extension://invalid/:0
[   14105ms] [ERROR] Failed to load resource: net::ERR_FAILED @ chrome-extension://invalid/:0
[   14207ms] [ERROR] Failed to load resource: net::ERR_FAILED @ chrome-extension://invalid/:0
[   14309ms] [ERROR] Failed to load resource: net::ERR_FAILED @ chrome-extension://invalid/:0
[   14412ms] [ERROR] Failed to load resource: net::ERR_FAILED @ chrome-extension://invalid/:0
[   14514ms] [ERROR] Failed to load resource: net::ERR_FAILED @ chrome-extension://invalid/:0
[   14616ms] [ERROR] Failed to load resource: net::ERR_FAILED @ chrome-extension://invalid/:0
[   14718ms] [ERROR] Failed to load resource: net::ERR_FAILED @ chrome-extension://invalid/:0
[   14820ms] [ERROR] Failed to load resource: net::ERR_FAILED @ chrome-extension://invalid/:0
[   14921ms] [ERROR] Failed to load resource: net::ERR_FAILED @ chrome-extension://invalid/:0
[   15023ms] [ERROR] Failed to load resource: net::ERR_FAILED @ chrome-extension://invalid/:0
[   15125ms] [ERROR] Failed to load resource: net::ERR_FAILED @ chrome-extension://invalid/:0
[   15226ms] [ERROR] Failed to load resource: net::ERR_FAILED @ chrome-extension://invalid/:0
[   15329ms] [ERROR] Failed to load resource: net::ERR_FAILED @ chrome-extension://invalid/:0
[   15430ms] [ERROR] Failed to load resource: net::ERR_FAILED @ chrome-extension://invalid/:0
[   15532ms] [ERROR] Failed to load resource: net::ERR_FAILED @ chrome-extension://invalid/:0
[   15635ms] [ERROR] Failed to load resource: net::ERR_FAILED @ chrome-extension://invalid/:0
[   15737ms] [ERROR] Failed to load resource: net::ERR_FAILED @ chrome-extension://invalid/:0
[   15839ms] [ERROR] Failed to load resource: net::ERR_FAILED @ chrome-extension://invalid/:0
[   15941ms] [ERROR] Failed to load resource: net::ERR_FAILED @ chrome-extension://invalid/:0
[   16042ms] [ERROR] Failed to load resource: net::ERR_FAILED @ chrome-extension://invalid/:0
[   16144ms] [ERROR] Failed to load resource: net::ERR_FAILED @ chrome-extension://invalid/:0
[   16246ms] [ERROR] Failed to load resource: net::ERR_FAILED @ chrome-extension://invalid/:0
[   16349ms] [ERROR] Failed to load resource: net::ERR_FAILED @ chrome-extension://invalid/:0
[   16452ms] [ERROR] Failed to load resource: net::ERR_FAILED @ chrome-extension://invalid/:0
[   16553ms] [ERROR] Failed to load resource: net::ERR_FAILED @ chrome-extension://invalid/:0
[   16656ms] [ERROR] Failed to load resource: net::ERR_FAILED @ chrome-extension://invalid/:0
[   16757ms] [ERROR] Failed to load resource: net::ERR_FAILED @ chrome-extension://invalid/:0
[   16861ms] [ERROR] Failed to load resource: net::ERR_FAILED @ chrome-extension://invalid/:0
[   16962ms] [ERROR] Failed to load resource: net::ERR_FAILED @ chrome-extension://invalid/:0
[   17065ms] [ERROR] Failed to load resource: net::ERR_FAILED @ chrome-extension://invalid/:0
[   17168ms] [ERROR] Failed to load resource: net::ERR_FAILED @ chrome-extension://invalid/:0
[   17269ms] [ERROR] Failed to load resource: net::ERR_FAILED @ chrome-extension://invalid/:0
[   17372ms] [ERROR] Failed to load resource: net::ERR_FAILED @ chrome-extension://invalid/:0
[   17473ms] [ERROR] Failed to load resource: net::ERR_FAILED @ chrome-extension://invalid/:0
[   17576ms] [ERROR] Failed to load resource: net::ERR_FAILED @ chrome-extension://invalid/:0
[   17677ms] [ERROR] Failed to load resource: net::ERR_FAILED @ chrome-extension://invalid/:0
[   17779ms] [ERROR] Failed to load resource: net::ERR_FAILED @ chrome-extension://invalid/:0
[   17881ms] [ERROR] Failed to load resource: net::ERR_FAILED @ chrome-extension://invalid/:0
[   17985ms] [ERROR] Failed to load resource: net::ERR_FAILED @ chrome-extension://invalid/:0
[   18087ms] [ERROR] Failed to load resource: net::ERR_FAILED @ chrome-extension://invalid/:0
[   18190ms] [ERROR] Failed to load resource: net::ERR_FAILED @ chrome-extension://invalid/:0
[   18292ms] [ERROR] Failed to load resource: net::ERR_FAILED @ chrome-extension://invalid/:0
[   18393ms] [ERROR] Failed to load resource: net::ERR_FAILED @ chrome-extension://invalid/:0
[   18496ms] [ERROR] Failed to load resource: net::ERR_FAILED @ chrome-extension://invalid/:0
[   18598ms] [ERROR] Failed to load resource: net::ERR_FAILED @ chrome-extension://invalid/:0
[   18701ms] [ERROR] Failed to load resource: net::ERR_FAILED @ chrome-extension://invalid/:0
[   18802ms] [ERROR] Failed to load resource: net::ERR_FAILED @ chrome-extension://invalid/:0
[   18904ms] [ERROR] Failed to load resource: net::ERR_FAILED @ chrome-extension://invalid/:0
[   19005ms] [ERROR] Failed to load resource: net::ERR_FAILED @ chrome-extension://invalid/:0
[   19108ms] [ERROR] Failed to load resource: net::ERR_FAILED @ chrome-extension://invalid/:0
[   19210ms] [ERROR] Failed to load resource: net::ERR_FAILED @ chrome-extension://invalid/:0
[   19312ms] [ERROR] Failed to load resource: net::ERR_FAILED @ chrome-extension://invalid/:0
[   19413ms] [ERROR] Failed to load resource: net::ERR_FAILED @ chrome-extension://invalid/:0
[   19516ms] [ERROR] Failed to load resource: net::ERR_FAILED @ chrome-extension://invalid/:0
[   19617ms] [ERROR] Failed to load resource: net::ERR_FAILED @ chrome-extension://invalid/:0
[   19720ms] [ERROR] Failed to load resource: net::ERR_FAILED @ chrome-extension://invalid/:0
[   19822ms] [ERROR] Failed to load resource: net::ERR_FAILED @ chrome-extension://invalid/:0
[   19924ms] [ERROR] Failed to load resource: net::ERR_FAILED @ chrome-extension://invalid/:0
[   20026ms] [ERROR] Failed to load resource: net::ERR_FAILED @ chrome-extension://invalid/:0
[   20129ms] [ERROR] Failed to load resource: net::ERR_FAILED @ chrome-extension://invalid/:0
[   20232ms] [ERROR] Failed to load resource: net::ERR_FAILED @ chrome-extension://invalid/:0
[   20333ms] [ERROR] Failed to load resource: net::ERR_FAILED @ chrome-extension://invalid/:0
[   20436ms] [ERROR] Failed to load resource: net::ERR_FAILED @ chrome-extension://invalid/:0
[   20537ms] [ERROR] Failed to load resource: net::ERR_FAILED @ chrome-extension://invalid/:0
[   20640ms] [ERROR] Failed to load resource: net::ERR_FAILED @ chrome-extension://invalid/:0
[   20742ms] [ERROR] Failed to load resource: net::ERR_FAILED @ chrome-extension://invalid/:0
[   20844ms] [ERROR] Failed to load resource: net::ERR_FAILED @ chrome-extension://invalid/:0
[   20945ms] [ERROR] Failed to load resource: net::ERR_FAILED @ chrome-extension://invalid/:0
[   21048ms] [ERROR] Failed to load resource: net::ERR_FAILED @ chrome-extension://invalid/:0
[   21149ms] [ERROR] Failed to load resource: net::ERR_FAILED @ chrome-extension://invalid/:0
[   21252ms] [ERROR] Failed to load resource: net::ERR_FAILED @ chrome-extension://invalid/:0
[   21353ms] [ERROR] Failed to load resource: net::ERR_FAILED @ chrome-extension://invalid/:0
[   21455ms] [ERROR] Failed to load resource: net::ERR_FAILED @ chrome-extension://invalid/:0
[   21556ms] [ERROR] Failed to load resource: net::ERR_FAILED @ chrome-extension://invalid/:0
[   21658ms] [ERROR] Failed to load resource: net::ERR_FAILED @ chrome-extension://invalid/:0
[   21760ms] [ERROR] Failed to load resource: net::ERR_FAILED @ chrome-extension://invalid/:0
[   21861ms] [ERROR] Failed to load resource: net::ERR_FAILED @ chrome-extension://invalid/:0
[   21962ms] [ERROR] Failed to load resource: net::ERR_FAILED @ chrome-extension://invalid/:0
[   22065ms] [ERROR] Failed to load resource: net::ERR_FAILED @ chrome-extension://invalid/:0
[   22168ms] [ERROR] Failed to load resource: net::ERR_FAILED @ chrome-extension://invalid/:0
[   22269ms] [ERROR] Failed to load resource: net::ERR_FAILED @ chrome-extension://invalid/:0
[   22371ms] [ERROR] Failed to load resource: net::ERR_FAILED @ chrome-extension://invalid/:0
[   22473ms] [ERROR] Failed to load resource: net::ERR_FAILED @ chrome-extension://invalid/:0
[   22576ms] [ERROR] Failed to load resource: net::ERR_FAILED @ chrome-extension://invalid/:0
[   22678ms] [ERROR] Failed to load resource: net::ERR_FAILED @ chrome-extension://invalid/:0
[   22781ms] [ERROR] Failed to load resource: net::ERR_FAILED @ chrome-extension://invalid/:0
[   22882ms] [ERROR] Failed to load resource: net::ERR_FAILED @ chrome-extension://invalid/:0
[   22984ms] [ERROR] Failed to load resource: net::ERR_FAILED @ chrome-extension://invalid/:0
[   23086ms] [ERROR] Failed to load resource: net::ERR_FAILED @ chrome-extension://invalid/:0
[   23189ms] [ERROR] Failed to load resource: net::ERR_FAILED @ chrome-extension://invalid/:0
[   23290ms] [ERROR] Failed to load resource: net::ERR_FAILED @ chrome-extension://invalid/:0
[   23392ms] [ERROR] Failed to load resource: net::ERR_FAILED @ chrome-extension://invalid/:0
[   23493ms] [ERROR] Failed to load resource: net::ERR_FAILED @ chrome-extension://invalid/:0
[   23596ms] [ERROR] Failed to load resource: net::ERR_FAILED @ chrome-extension://invalid/:0
[   23697ms] [ERROR] Failed to load resource: net::ERR_FAILED @ chrome-extension://invalid/:0
[   23799ms] [ERROR] Failed to load resource: net::ERR_FAILED @ chrome-extension://invalid/:0
[   23901ms] [ERROR] Failed to load resource: net::ERR_FAILED @ chrome-extension://invalid/:0
[   24003ms] [ERROR] Failed to load resource: net::ERR_FAILED @ chrome-extension://invalid/:0
[   24105ms] [ERROR] Failed to load resource: net::ERR_FAILED @ chrome-extension://invalid/:0
[   24208ms] [ERROR] Failed to load resource: net::ERR_FAILED @ chrome-extension://invalid/:0
[   24310ms] [ERROR] Failed to load resource: net::ERR_FAILED @ chrome-extension://invalid/:0
[   24412ms] [ERROR] Failed to load resource: net::ERR_FAILED @ chrome-extension://invalid/:0
[   24513ms] [ERROR] Failed to load resource: net::ERR_FAILED @ chrome-extension://invalid/:0
[   24616ms] [ERROR] Failed to load resource: net::ERR_FAILED @ chrome-extension://invalid/:0
[   24717ms] [ERROR] Failed to load resource: net::ERR_FAILED @ chrome-extension://invalid/:0
[   24820ms] [ERROR] Failed to load resource: net::ERR_FAILED @ chrome-extension://invalid/:0
[   24922ms] [ERROR] Failed to load resource: net::ERR_FAILED @ chrome-extension://invalid/:0
[   25023ms] [ERROR] Failed to load resource: net::ERR_FAILED @ chrome-extension://invalid/:0
[   25125ms] [ERROR] Failed to load resource: net::ERR_FAILED @ chrome-extension://invalid/:0
[   25228ms] [ERROR] Failed to load resource: net::ERR_FAILED @ chrome-extension://invalid/:0
[   25329ms] [ERROR] Failed to load resource: net::ERR_FAILED @ chrome-extension://invalid/:0
[   25432ms] [ERROR] Failed to load resource: net::ERR_FAILED @ chrome-extension://invalid/:0
[   25534ms] [ERROR] Failed to load resource: net::ERR_FAILED @ chrome-extension://invalid/:0
[   25635ms] [ERROR] Failed to load resource: net::ERR_FAILED @ chrome-extension://invalid/:0
[   25736ms] [ERROR] Failed to load resource: net::ERR_FAILED @ chrome-extension://invalid/:0
[   25837ms] [ERROR] Failed to load resource: net::ERR_FAILED @ chrome-extension://invalid/:0
[   25940ms] [ERROR] Failed to load resource: net::ERR_FAILED @ chrome-extension://invalid/:0
[   26041ms] [ERROR] Failed to load resource: net::ERR_FAILED @ chrome-extension://invalid/:0
[   26143ms] [ERROR] Failed to load resource: net::ERR_FAILED @ chrome-extension://invalid/:0
[   26245ms] [ERROR] Failed to load resource: net::ERR_FAILED @ chrome-extension://invalid/:0
[   26347ms] [ERROR] Failed to load resource: net::ERR_FAILED @ chrome-extension://invalid/:0
[   26449ms] [ERROR] Failed to load resource: net::ERR_FAILED @ chrome-extension://invalid/:0
[   26551ms] [ERROR] Failed to load resource: net::ERR_FAILED @ chrome-extension://invalid/:0
[   26652ms] [ERROR] Failed to load resource: net::ERR_FAILED @ chrome-extension://invalid/:0
[   26755ms] [ERROR] Failed to load resource: net::ERR_FAILED @ chrome-extension://invalid/:0
[   26857ms] [ERROR] Failed to load resource: net::ERR_FAILED @ chrome-extension://invalid/:0
[   26959ms] [ERROR] Failed to load resource: net::ERR_FAILED @ chrome-extension://invalid/:0
[   27060ms] [ERROR] Failed to load resource: net::ERR_FAILED @ chrome-extension://invalid/:0
[   27162ms] [ERROR] Failed to load resource: net::ERR_FAILED @ chrome-extension://invalid/:0
[   27263ms] [ERROR] Failed to load resource: net::ERR_FAILED @ chrome-extension://invalid/:0
[   27364ms] [ERROR] Failed to load resource: net::ERR_FAILED @ chrome-extension://invalid/:0
[   27465ms] [ERROR] Failed to load resource: net::ERR_FAILED @ chrome-extension://invalid/:0
[   27567ms] [ERROR] Failed to load resource: net::ERR_FAILED @ chrome-extension://invalid/:0
[   27669ms] [ERROR] Failed to load resource: net::ERR_FAILED @ chrome-extension://invalid/:0
[   27772ms] [ERROR] Failed to load resource: net::ERR_FAILED @ chrome-extension://invalid/:0
[   27873ms] [ERROR] Failed to load resource: net::ERR_FAILED @ chrome-extension://invalid/:0
[   27975ms] [ERROR] Failed to load resource: net::ERR_FAILED @ chrome-extension://invalid/:0
[   28077ms] [ERROR] Failed to load resource: net::ERR_FAILED @ chrome-extension://invalid/:0
[   28180ms] [ERROR] Failed to load resource: net::ERR_FAILED @ chrome-extension://invalid/:0
[   28281ms] [ERROR] Failed to load resource: net::ERR_FAILED @ chrome-extension://invalid/:0
[   28382ms] [ERROR] Failed to load resource: net::ERR_FAILED @ chrome-extension://invalid/:0
[   28485ms] [ERROR] Failed to load resource: net::ERR_FAILED @ chrome-extension://invalid/:0
[   28588ms] [ERROR] Failed to load resource: net::ERR_FAILED @ chrome-extension://invalid/:0
[   28689ms] [ERROR] Failed to load resource: net::ERR_FAILED @ chrome-extension://invalid/:0
[   28792ms] [ERROR] Failed to load resource: net::ERR_FAILED @ chrome-extension://invalid/:0
[   28893ms] [ERROR] Failed to load resource: net::ERR_FAILED @ chrome-extension://invalid/:0
[   28996ms] [ERROR] Failed to load resource: net::ERR_FAILED @ chrome-extension://invalid/:0
[   29098ms] [ERROR] Failed to load resource: net::ERR_FAILED @ chrome-extension://invalid/:0
[   29200ms] [ERROR] Failed to load resource: net::ERR_FAILED @ chrome-extension://invalid/:0
[   29301ms] [ERROR] Failed to load resource: net::ERR_FAILED @ chrome-extension://invalid/:0
[   29500ms] [ERROR] Failed to load resource: net::ERR_FAILED @ chrome-extension://invalid/:0
[   29604ms] [ERROR] Failed to load resource: net::ERR_FAILED @ chrome-extension://invalid/:0
[   29706ms] [ERROR] Failed to load resource: net::ERR_FAILED @ chrome-extension://invalid/:0
[   29809ms] [ERROR] Failed to load resource: net::ERR_FAILED @ chrome-extension://invalid/:0
[   29912ms] [ERROR] Failed to load resource: net::ERR_FAILED @ chrome-extension://invalid/:0
[   30014ms] [ERROR] Failed to load resource: net::ERR_FAILED @ chrome-extension://invalid/:0
[   30117ms] [ERROR] Failed to load resource: net::ERR_FAILED @ chrome-extension://invalid/:0
[   30220ms] [ERROR] Failed to load resource: net::ERR_FAILED @ chrome-extension://invalid/:0
[   30321ms] [ERROR] Failed to load resource: net::ERR_FAILED @ chrome-extension://invalid/:0
[   30424ms] [ERROR] Failed to load resource: net::ERR_FAILED @ chrome-extension://invalid/:0
[   30526ms] [ERROR] Failed to load resource: net::ERR_FAILED @ chrome-extension://invalid/:0
[   30629ms] [ERROR] Failed to load resource: net::ERR_FAILED @ chrome-extension://invalid/:0
[   30732ms] [ERROR] Failed to load resource: net::ERR_FAILED @ chrome-extension://invalid/:0
[   30834ms] [ERROR] Failed to load resource: net::ERR_FAILED @ chrome-extension://invalid/:0
[   30936ms] [ERROR] Failed to load resource: net::ERR_FAILED @ chrome-extension://invalid/:0
[   31039ms] [ERROR] Failed to load resource: net::ERR_FAILED @ chrome-extension://invalid/:0
[   31142ms] [ERROR] Failed to load resource: net::ERR_FAILED @ chrome-extension://invalid/:0
[   31245ms] [ERROR] Failed to load resource: net::ERR_FAILED @ chrome-extension://invalid/:0
[   31348ms] [ERROR] Failed to load resource: net::ERR_FAILED @ chrome-extension://invalid/:0
[   31449ms] [ERROR] Failed to load resource: net::ERR_FAILED @ chrome-extension://invalid/:0
[   31552ms] [ERROR] Failed to load resource: net::ERR_FAILED @ chrome-extension://invalid/:0
[   31653ms] [ERROR] Failed to load resource: net::ERR_FAILED @ chrome-extension://invalid/:0
[   31757ms] [ERROR] Failed to load resource: net::ERR_FAILED @ chrome-extension://invalid/:0
[   31861ms] [ERROR] Failed to load resource: net::ERR_FAILED @ chrome-extension://invalid/:0
[   31963ms] [ERROR] Failed to load resource: net::ERR_FAILED @ chrome-extension://invalid/:0
[   32067ms] [ERROR] Failed to load resource: net::ERR_FAILED @ chrome-extension://invalid/:0
[   32185ms] [ERROR] Failed to load resource: net::ERR_FAILED @ chrome-extension://invalid/:0
[   32288ms] [ERROR] Failed to load resource: net::ERR_FAILED @ chrome-extension://invalid/:0
[   32389ms] [ERROR] Failed to load resource: net::ERR_FAILED @ chrome-extension://invalid/:0
[   32492ms] [ERROR] Failed to load resource: net::ERR_FAILED @ chrome-extension://invalid/:0
[   32593ms] [ERROR] Failed to load resource: net::ERR_FAILED @ chrome-extension://invalid/:0
[   32695ms] [ERROR] Failed to load resource: net::ERR_FAILED @ chrome-extension://invalid/:0
[   32797ms] [ERROR] Failed to load resource: net::ERR_FAILED @ chrome-extension://invalid/:0
[   32900ms] [ERROR] Failed to load resource: net::ERR_FAILED @ chrome-extension://invalid/:0
[   33001ms] [ERROR] Failed to load resource: net::ERR_FAILED @ chrome-extension://invalid/:0
[   33103ms] [ERROR] Failed to load resource: net::ERR_FAILED @ chrome-extension://invalid/:0
[   33205ms] [ERROR] Failed to load resource: net::ERR_FAILED @ chrome-extension://invalid/:0
[   33306ms] [ERROR] Failed to load resource: net::ERR_FAILED @ chrome-extension://invalid/:0
[   33408ms] [ERROR] Failed to load resource: net::ERR_FAILED @ chrome-extension://invalid/:0
[   33509ms] [ERROR] Failed to load resource: net::ERR_FAILED @ chrome-extension://invalid/:0
[   33612ms] [ERROR] Failed to load resource: net::ERR_FAILED @ chrome-extension://invalid/:0
[   33713ms] [ERROR] Failed to load resource: net::ERR_FAILED @ chrome-extension://invalid/:0
[   33816ms] [ERROR] Failed to load resource: net::ERR_FAILED @ chrome-extension://invalid/:0
[   33917ms] [ERROR] Failed to load resource: net::ERR_FAILED @ chrome-extension://invalid/:0
[   34020ms] [ERROR] Failed to load resource: net::ERR_FAILED @ chrome-extension://invalid/:0
[   34121ms] [ERROR] Failed to load resource: net::ERR_FAILED @ chrome-extension://invalid/:0
[   34223ms] [ERROR] Failed to load resource: net::ERR_FAILED @ chrome-extension://invalid/:0
[   34325ms] [ERROR] Failed to load resource: net::ERR_FAILED @ chrome-extension://invalid/:0
[   34428ms] [ERROR] Failed to load resource: net::ERR_FAILED @ chrome-extension://invalid/:0
[   34529ms] [ERROR] Failed to load resource: net::ERR_FAILED @ chrome-extension://invalid/:0
[   34631ms] [ERROR] Failed to load resource: net::ERR_FAILED @ chrome-extension://invalid/:0
[   34733ms] [ERROR] Failed to load resource: net::ERR_FAILED @ chrome-extension://invalid/:0
[   34834ms] [ERROR] Failed to load resource: net::ERR_FAILED @ chrome-extension://invalid/:0
[   34936ms] [ERROR] Failed to load resource: net::ERR_FAILED @ chrome-extension://invalid/:0
[   35038ms] [ERROR] Failed to load resource: net::ERR_FAILED @ chrome-extension://invalid/:0
[   35140ms] [ERROR] Failed to load resource: net::ERR_FAILED @ chrome-extension://invalid/:0
[   35241ms] [ERROR] Failed to load resource: net::ERR_FAILED @ chrome-extension://invalid/:0
[   35343ms] [ERROR] Failed to load resource: net::ERR_FAILED @ chrome-extension://invalid/:0
[   35444ms] [ERROR] Failed to load resource: net::ERR_FAILED @ chrome-extension://invalid/:0
[   35546ms] [ERROR] Failed to load resource: net::ERR_FAILED @ chrome-extension://invalid/:0
[   35649ms] [ERROR] Failed to load resource: net::ERR_FAILED @ chrome-extension://invalid/:0
[   35750ms] [ERROR] Failed to load resource: net::ERR_FAILED @ chrome-extension://invalid/:0
[   35852ms] [ERROR] Failed to load resource: net::ERR_FAILED @ chrome-extension://invalid/:0
[   35953ms] [ERROR] Failed to load resource: net::ERR_FAILED @ chrome-extension://invalid/:0
[   36056ms] [ERROR] Failed to load resource: net::ERR_FAILED @ chrome-extension://invalid/:0
[   36157ms] [ERROR] Failed to load resource: net::ERR_FAILED @ chrome-extension://invalid/:0
[   36260ms] [ERROR] Failed to load resource: net::ERR_FAILED @ chrome-extension://invalid/:0
[   36361ms] [ERROR] Failed to load resource: net::ERR_FAILED @ chrome-extension://invalid/:0
[   36464ms] [ERROR] Failed to load resource: net::ERR_FAILED @ chrome-extension://invalid/:0
[   36567ms] [ERROR] Failed to load resource: net::ERR_FAILED @ chrome-extension://invalid/:0
[   36669ms] [ERROR] Failed to load resource: net::ERR_FAILED @ chrome-extension://invalid/:0
[   36788ms] [ERROR] Failed to load resource: net::ERR_FAILED @ chrome-extension://invalid/:0
[   36889ms] [ERROR] Failed to load resource: net::ERR_FAILED @ chrome-extension://invalid/:0
[   36991ms] [ERROR] Failed to load resource: net::ERR_FAILED @ chrome-extension://invalid/:0
[   37093ms] [ERROR] Failed to load resource: net::ERR_FAILED @ chrome-extension://invalid/:0
[   37196ms] [ERROR] Failed to load resource: net::ERR_FAILED @ chrome-extension://invalid/:0
[   37298ms] [ERROR] Failed to load resource: net::ERR_FAILED @ chrome-extension://invalid/:0
[   37401ms] [ERROR] Failed to load resource: net::ERR_FAILED @ chrome-extension://invalid/:0
[   37502ms] [ERROR] Failed to load resource: net::ERR_FAILED @ chrome-extension://invalid/:0
[   37605ms] [ERROR] Failed to load resource: net::ERR_FAILED @ chrome-extension://invalid/:0
[   37707ms] [ERROR] Failed to load resource: net::ERR_FAILED @ chrome-extension://invalid/:0
[   37809ms] [ERROR] Failed to load resource: net::ERR_FAILED @ chrome-extension://invalid/:0
[   37910ms] [ERROR] Failed to load resource: net::ERR_FAILED @ chrome-extension://invalid/:0
[   38012ms] [ERROR] Failed to load resource: net::ERR_FAILED @ chrome-extension://invalid/:0
[   38113ms] [ERROR] Failed to load resource: net::ERR_FAILED @ chrome-extension://invalid/:0
[   38216ms] [ERROR] Failed to load resource: net::ERR_FAILED @ chrome-extension://invalid/:0
[   38317ms] [ERROR] Failed to load resource: net::ERR_FAILED @ chrome-extension://invalid/:0
[   38420ms] [ERROR] Failed to load resource: net::ERR_FAILED @ chrome-extension://invalid/:0
[   38521ms] [ERROR] Failed to load resource: net::ERR_FAILED @ chrome-extension://invalid/:0
[   38625ms] [ERROR] Failed to load resource: net::ERR_FAILED @ chrome-extension://invalid/:0
[   38727ms] [ERROR] Failed to load resource: net::ERR_FAILED @ chrome-extension://invalid/:0
[   38830ms] [ERROR] Failed to load resource: net::ERR_FAILED @ chrome-extension://invalid/:0
[   38932ms] [ERROR] Failed to load resource: net::ERR_FAILED @ chrome-extension://invalid/:0
[   39034ms] [ERROR] Failed to load resource: net::ERR_FAILED @ chrome-extension://invalid/:0
[   39137ms] [ERROR] Failed to load resource: net::ERR_FAILED @ chrome-extension://invalid/:0
[   39239ms] [ERROR] Failed to load resource: net::ERR_FAILED @ chrome-extension://invalid/:0
[   39341ms] [ERROR] Failed to load resource: net::ERR_FAILED @ chrome-extension://invalid/:0
[   39443ms] [ERROR] Failed to load resource: net::ERR_FAILED @ chrome-extension://invalid/:0
[   39545ms] [ERROR] Failed to load resource: net::ERR_FAILED @ chrome-extension://invalid/:0
[   39648ms] [ERROR] Failed to load resource: net::ERR_FAILED @ chrome-extension://invalid/:0
[   39750ms] [ERROR] Failed to load resource: net::ERR_FAILED @ chrome-extension://invalid/:0
[   39852ms] [ERROR] Failed to load resource: net::ERR_FAILED @ chrome-extension://invalid/:0
[   39953ms] [ERROR] Failed to load resource: net::ERR_FAILED @ chrome-extension://invalid/:0
[   40055ms] [ERROR] Failed to load resource: net::ERR_FAILED @ chrome-extension://invalid/:0
[   40156ms] [ERROR] Failed to load resource: net::ERR_FAILED @ chrome-extension://invalid/:0
[   40258ms] [ERROR] Failed to load resource: net::ERR_FAILED @ chrome-extension://invalid/:0
[   40360ms] [ERROR] Failed to load resource: net::ERR_FAILED @ chrome-extension://invalid/:0
[   40463ms] [ERROR] Failed to load resource: net::ERR_FAILED @ chrome-extension://invalid/:0
[   40565ms] [ERROR] Failed to load resource: net::ERR_FAILED @ chrome-extension://invalid/:0
[   40669ms] [ERROR] Failed to load resource: net::ERR_FAILED @ chrome-extension://invalid/:0
[   40772ms] [ERROR] Failed to load resource: net::ERR_FAILED @ chrome-extension://invalid/:0
[   40873ms] [ERROR] Failed to load resource: net::ERR_FAILED @ chrome-extension://invalid/:0
[   40975ms] [ERROR] Failed to load resource: net::ERR_FAILED @ chrome-extension://invalid/:0
[   41077ms] [ERROR] Failed to load resource: net::ERR_FAILED @ chrome-extension://invalid/:0
[   41180ms] [ERROR] Failed to load resource: net::ERR_FAILED @ chrome-extension://invalid/:0
[   41282ms] [ERROR] Failed to load resource: net::ERR_FAILED @ chrome-extension://invalid/:0
[   41384ms] [ERROR] Failed to load resource: net::ERR_FAILED @ chrome-extension://invalid/:0
[   41485ms] [ERROR] Failed to load resource: net::ERR_FAILED @ chrome-extension://invalid/:0
[   41588ms] [ERROR] Failed to load resource: net::ERR_FAILED @ chrome-extension://invalid/:0
[   41689ms] [ERROR] Failed to load resource: net::ERR_FAILED @ chrome-extension://invalid/:0
[   41792ms] [ERROR] Failed to load resource: net::ERR_FAILED @ chrome-extension://invalid/:0
[   41894ms] [ERROR] Failed to load resource: net::ERR_FAILED @ chrome-extension://invalid/:0
[   41996ms] [ERROR] Failed to load resource: net::ERR_FAILED @ chrome-extension://invalid/:0
[   42098ms] [ERROR] Failed to load resource: net::ERR_FAILED @ chrome-extension://invalid/:0
[   42201ms] [ERROR] Failed to load resource: net::ERR_FAILED @ chrome-extension://invalid/:0
[   42303ms] [ERROR] Failed to load resource: net::ERR_FAILED @ chrome-extension://invalid/:0
[   42405ms] [ERROR] Failed to load resource: net::ERR_FAILED @ chrome-extension://invalid/:0
[   42508ms] [ERROR] Failed to load resource: net::ERR_FAILED @ chrome-extension://invalid/:0
[   42609ms] [ERROR] Failed to load resource: net::ERR_FAILED @ chrome-extension://invalid/:0
[   42712ms] [ERROR] Failed to load resource: net::ERR_FAILED @ chrome-extension://invalid/:0
[   42813ms] [ERROR] Failed to load resource: net::ERR_FAILED @ chrome-extension://invalid/:0
[   42916ms] [ERROR] Failed to load resource: net::ERR_FAILED @ chrome-extension://invalid/:0
[   43018ms] [ERROR] Failed to load resource: net::ERR_FAILED @ chrome-extension://invalid/:0
[   43120ms] [ERROR] Failed to load resource: net::ERR_FAILED @ chrome-extension://invalid/:0
[   43221ms] [ERROR] Failed to load resource: net::ERR_FAILED @ chrome-extension://invalid/:0
[   43323ms] [ERROR] Failed to load resource: net::ERR_FAILED @ chrome-extension://invalid/:0
[   43425ms] [ERROR] Failed to load resource: net::ERR_FAILED @ chrome-extension://invalid/:0
[   43527ms] [ERROR] Failed to load resource: net::ERR_FAILED @ chrome-extension://invalid/:0
[   43629ms] [ERROR] Failed to load resource: net::ERR_FAILED @ chrome-extension://invalid/:0
[   43732ms] [ERROR] Failed to load resource: net::ERR_FAILED @ chrome-extension://invalid/:0
[   43833ms] [ERROR] Failed to load resource: net::ERR_FAILED @ chrome-extension://invalid/:0
[   43937ms] [ERROR] Failed to load resource: net::ERR_FAILED @ chrome-extension://invalid/:0
[   44038ms] [ERROR] Failed to load resource: net::ERR_FAILED @ chrome-extension://invalid/:0
[   44140ms] [ERROR] Failed to load resource: net::ERR_FAILED @ chrome-extension://invalid/:0
[   44241ms] [ERROR] Failed to load resource: net::ERR_FAILED @ chrome-extension://invalid/:0
[   44343ms] [ERROR] Failed to load resource: net::ERR_FAILED @ chrome-extension://invalid/:0
[   44445ms] [ERROR] Failed to load resource: net::ERR_FAILED @ chrome-extension://invalid/:0
[   44547ms] [ERROR] Failed to load resource: net::ERR_FAILED @ chrome-extension://invalid/:0
[   44649ms] [ERROR] Failed to load resource: net::ERR_FAILED @ chrome-extension://invalid/:0
[   44752ms] [ERROR] Failed to load resource: net::ERR_FAILED @ chrome-extension://invalid/:0
[   44853ms] [ERROR] Failed to load resource: net::ERR_FAILED @ chrome-extension://invalid/:0
[   44956ms] [ERROR] Failed to load resource: net::ERR_FAILED @ chrome-extension://invalid/:0
[   45058ms] [ERROR] Failed to load resource: net::ERR_FAILED @ chrome-extension://invalid/:0
[   45161ms] [ERROR] Failed to load resource: net::ERR_FAILED @ chrome-extension://invalid/:0
[   45268ms] [ERROR] Failed to load resource: net::ERR_FAILED @ chrome-extension://invalid/:0
[   45370ms] [ERROR] Failed to load resource: net::ERR_FAILED @ chrome-extension://invalid/:0
[   45472ms] [ERROR] Failed to load resource: net::ERR_FAILED @ chrome-extension://invalid/:0
[   45573ms] [ERROR] Failed to load resource: net::ERR_FAILED @ chrome-extension://invalid/:0
[   45675ms] [ERROR] Failed to load resource: net::ERR_FAILED @ chrome-extension://invalid/:0
[   45776ms] [ERROR] Failed to load resource: net::ERR_FAILED @ chrome-extension://invalid/:0
[   45878ms] [ERROR] Failed to load resource: net::ERR_FAILED @ chrome-extension://invalid/:0
[   45981ms] [ERROR] Failed to load resource: net::ERR_FAILED @ chrome-extension://invalid/:0
[   46082ms] [ERROR] Failed to load resource: net::ERR_FAILED @ chrome-extension://invalid/:0
[   46185ms] [ERROR] Failed to load resource: net::ERR_FAILED @ chrome-extension://invalid/:0
[   46287ms] [ERROR] Failed to load resource: net::ERR_FAILED @ chrome-extension://invalid/:0
[   46389ms] [ERROR] Failed to load resource: net::ERR_FAILED @ chrome-extension://invalid/:0
[   46492ms] [ERROR] Failed to load resource: net::ERR_FAILED @ chrome-extension://invalid/:0
[   46593ms] [ERROR] Failed to load resource: net::ERR_FAILED @ chrome-extension://invalid/:0
[   46697ms] [ERROR] Failed to load resource: net::ERR_FAILED @ chrome-extension://invalid/:0
[   46798ms] [ERROR] Failed to load resource: net::ERR_FAILED @ chrome-extension://invalid/:0
[   46901ms] [ERROR] Failed to load resource: net::ERR_FAILED @ chrome-extension://invalid/:0
[   47003ms] [ERROR] Failed to load resource: net::ERR_FAILED @ chrome-extension://invalid/:0
[   47105ms] [ERROR] Failed to load resource: net::ERR_FAILED @ chrome-extension://invalid/:0
[   47208ms] [ERROR] Failed to load resource: net::ERR_FAILED @ chrome-extension://invalid/:0
[   47309ms] [ERROR] Failed to load resource: net::ERR_FAILED @ chrome-extension://invalid/:0
[   47412ms] [ERROR] Failed to load resource: net::ERR_FAILED @ chrome-extension://invalid/:0
[   47514ms] [ERROR] Failed to load resource: net::ERR_FAILED @ chrome-extension://invalid/:0
[   47617ms] [ERROR] Failed to load resource: net::ERR_FAILED @ chrome-extension://invalid/:0
[   47720ms] [ERROR] Failed to load resource: net::ERR_FAILED @ chrome-extension://invalid/:0
[   47822ms] [ERROR] Failed to load resource: net::ERR_FAILED @ chrome-extension://invalid/:0
[   47924ms] [ERROR] Failed to load resource: net::ERR_FAILED @ chrome-extension://invalid/:0
[   48025ms] [ERROR] Failed to load resource: net::ERR_FAILED @ chrome-extension://invalid/:0
[   48127ms] [ERROR] Failed to load resource: net::ERR_FAILED @ chrome-extension://invalid/:0
[   48229ms] [ERROR] Failed to load resource: net::ERR_FAILED @ chrome-extension://invalid/:0
[   48331ms] [ERROR] Failed to load resource: net::ERR_FAILED @ chrome-extension://invalid/:0
[   48433ms] [ERROR] Failed to load resource: net::ERR_FAILED @ chrome-extension://invalid/:0
[   48536ms] [ERROR] Failed to load resource: net::ERR_FAILED @ chrome-extension://invalid/:0
[   48637ms] [ERROR] Failed to load resource: net::ERR_FAILED @ chrome-extension://invalid/:0
[   48740ms] [ERROR] Failed to load resource: net::ERR_FAILED @ chrome-extension://invalid/:0
[   48842ms] [ERROR] Failed to load resource: net::ERR_FAILED @ chrome-extension://invalid/:0
[   48945ms] [ERROR] Failed to load resource: net::ERR_FAILED @ chrome-extension://invalid/:0
[   49047ms] [ERROR] Failed to load resource: net::ERR_FAILED @ chrome-extension://invalid/:0
[   49149ms] [ERROR] Failed to load resource: net::ERR_FAILED @ chrome-extension://invalid/:0
[   49252ms] [ERROR] Failed to load resource: net::ERR_FAILED @ chrome-extension://invalid/:0
[   49354ms] [ERROR] Failed to load resource: net::ERR_FAILED @ chrome-extension://invalid/:0
[   49456ms] [ERROR] Failed to load resource: net::ERR_FAILED @ chrome-extension://invalid/:0
[   49557ms] [ERROR] Failed to load resource: net::ERR_FAILED @ chrome-extension://invalid/:0
[   49659ms] [ERROR] Failed to load resource: net::ERR_FAILED @ chrome-extension://invalid/:0
[   49761ms] [ERROR] Failed to load resource: net::ERR_FAILED @ chrome-extension://invalid/:0
[   49862ms] [ERROR] Failed to load resource: net::ERR_FAILED @ chrome-extension://invalid/:0
[   49965ms] [ERROR] Failed to load resource: net::ERR_FAILED @ chrome-extension://invalid/:0
[   50067ms] [ERROR] Failed to load resource: net::ERR_FAILED @ chrome-extension://invalid/:0
[   50169ms] [ERROR] Failed to load resource: net::ERR_FAILED @ chrome-extension://invalid/:0
[   50273ms] [ERROR] Failed to load resource: net::ERR_FAILED @ chrome-extension://invalid/:0
[   50374ms] [ERROR] Failed to load resource: net::ERR_FAILED @ chrome-extension://invalid/:0
[   50477ms] [ERROR] Failed to load resource: net::ERR_FAILED @ chrome-extension://invalid/:0
[   50580ms] [ERROR] Failed to load resource: net::ERR_FAILED @ chrome-extension://invalid/:0
[   50682ms] [ERROR] Failed to load resource: net::ERR_FAILED @ chrome-extension://invalid/:0
[   50784ms] [ERROR] Failed to load resource: net::ERR_FAILED @ chrome-extension://invalid/:0
[   50885ms] [ERROR] Failed to load resource: net::ERR_FAILED @ chrome-extension://invalid/:0
[   50987ms] [ERROR] Failed to load resource: net::ERR_FAILED @ chrome-extension://invalid/:0
[   51088ms] [ERROR] Failed to load resource: net::ERR_FAILED @ chrome-extension://invalid/:0
[   51189ms] [ERROR] Failed to load resource: net::ERR_FAILED @ chrome-extension://invalid/:0
[   51292ms] [ERROR] Failed to load resource: net::ERR_FAILED @ chrome-extension://invalid/:0
[   51393ms] [ERROR] Failed to load resource: net::ERR_FAILED @ chrome-extension://invalid/:0
[   51496ms] [ERROR] Failed to load resource: net::ERR_FAILED @ chrome-extension://invalid/:0
[   51598ms] [ERROR] Failed to load resource: net::ERR_FAILED @ chrome-extension://invalid/:0
[   51701ms] [ERROR] Failed to load resource: net::ERR_FAILED @ chrome-extension://invalid/:0
[   51802ms] [ERROR] Failed to load resource: net::ERR_FAILED @ chrome-extension://invalid/:0
[   51905ms] [ERROR] Failed to load resource: net::ERR_FAILED @ chrome-extension://invalid/:0
[   52008ms] [ERROR] Failed to load resource: net::ERR_FAILED @ chrome-extension://invalid/:0
[   52110ms] [ERROR] Failed to load resource: net::ERR_FAILED @ chrome-extension://invalid/:0
[   52212ms] [ERROR] Failed to load resource: net::ERR_FAILED @ chrome-extension://invalid/:0
[   52313ms] [ERROR] Failed to load resource: net::ERR_FAILED @ chrome-extension://invalid/:0
[   52416ms] [ERROR] Failed to load resource: net::ERR_FAILED @ chrome-extension://invalid/:0
[   52518ms] [ERROR] Failed to load resource: net::ERR_FAILED @ chrome-extension://invalid/:0
[   52621ms] [ERROR] Failed to load resource: net::ERR_FAILED @ chrome-extension://invalid/:0
[   52722ms] [ERROR] Failed to load resource: net::ERR_FAILED @ chrome-extension://invalid/:0
[   52825ms] [ERROR] Failed to load resource: net::ERR_FAILED @ chrome-extension://invalid/:0
[   52926ms] [ERROR] Failed to load resource: net::ERR_FAILED @ chrome-extension://invalid/:0
[   53027ms] [ERROR] Failed to load resource: net::ERR_FAILED @ chrome-extension://invalid/:0
[   53128ms] [ERROR] Failed to load resource: net::ERR_FAILED @ chrome-extension://invalid/:0
[   53231ms] [ERROR] Failed to load resource: net::ERR_FAILED @ chrome-extension://invalid/:0
[   53333ms] [ERROR] Failed to load resource: net::ERR_FAILED @ chrome-extension://invalid/:0
[   53434ms] [ERROR] Failed to load resource: net::ERR_FAILED @ chrome-extension://invalid/:0
[   53536ms] [ERROR] Failed to load resource: net::ERR_FAILED @ chrome-extension://invalid/:0
[   53637ms] [ERROR] Failed to load resource: net::ERR_FAILED @ chrome-extension://invalid/:0
[   53739ms] [ERROR] Failed to load resource: net::ERR_FAILED @ chrome-extension://invalid/:0
[   53841ms] [ERROR] Failed to load resource: net::ERR_FAILED @ chrome-extension://invalid/:0
[   53942ms] [ERROR] Failed to load resource: net::ERR_FAILED @ chrome-extension://invalid/:0
[   54044ms] [ERROR] Failed to load resource: net::ERR_FAILED @ chrome-extension://invalid/:0
[   54146ms] [ERROR] Failed to load resource: net::ERR_FAILED @ chrome-extension://invalid/:0
[   54248ms] [ERROR] Failed to load resource: net::ERR_FAILED @ chrome-extension://invalid/:0
[   54350ms] [ERROR] Failed to load resource: net::ERR_FAILED @ chrome-extension://invalid/:0
[   54451ms] [ERROR] Failed to load resource: net::ERR_FAILED @ chrome-extension://invalid/:0
[   54552ms] [ERROR] Failed to load resource: net::ERR_FAILED @ chrome-extension://invalid/:0
[   54653ms] [ERROR] Failed to load resource: net::ERR_FAILED @ chrome-extension://invalid/:0
[   55585ms] Error: Minified React error #418; visit https://react.dev/errors/418?args[]=HTML&args[]= for the full message or use the non-minified dev environment for full errors and additional helpful warnings.
    at r8 (https://static.licdn.com/aero-v1/sc/h/assets/CNyVMc-P.js:1:54563)
    at iS (https://static.licdn.com/aero-v1/sc/h/assets/CNyVMc-P.js:1:105953)
    at uC (https://static.licdn.com/aero-v1/sc/h/assets/CNyVMc-P.js:1:147615)
    at https://static.licdn.com/aero-v1/sc/h/assets/CNyVMc-P.js:1:142608
    at uh (https://static.licdn.com/aero-v1/sc/h/assets/CNyVMc-P.js:1:142709)
    at u4 (https://static.licdn.com/aero-v1/sc/h/assets/CNyVMc-P.js:1:169172)
    at MessagePort._ (https://static.licdn.com/aero-v1/sc/h/assets/CNyVMc-P.js:1:15089)
[   56393ms] [WARNING] Attribute 'exception.tags' of type 'object' could not be converted to a proto attribute. @ https://static.licdn.com/aero-v1/sc/h/assets/PODZUbOg.js:2
[   56393ms] [WARNING] Attribute 'exception.tags' of type 'object' could not be converted to a proto attribute. @ https://static.licdn.com/aero-v1/sc/h/assets/PODZUbOg.js:2
[   57061ms] [ERROR] Failed to load resource: net::ERR_FAILED @ chrome-extension://invalid/:0
[   57162ms] [ERROR] Failed to load resource: net::ERR_FAILED @ chrome-extension://invalid/:0
[   57263ms] [ERROR] Failed to load resource: net::ERR_FAILED @ chrome-extension://invalid/:0
[   57415ms] [ERROR] Failed to load resource: net::ERR_FAILED @ chrome-extension://invalid/:0
[   57423ms] [WARNING] Attribute 'exception.tags' of type 'object' could not be converted to a proto attribute. @ https://static.licdn.com/aero-v1/sc/h/assets/PODZUbOg.js:2
[   57423ms] [WARNING] Attribute 'exception.tags' of type 'object' could not be converted to a proto attribute. @ https://static.licdn.com/aero-v1/sc/h/assets/PODZUbOg.js:2
[   57519ms] [ERROR] Failed to load resource: net::ERR_FAILED @ chrome-extension://invalid/:0
[   57622ms] [ERROR] Failed to load resource: net::ERR_FAILED @ chrome-extension://invalid/:0
[   57733ms] [ERROR] Failed to load resource: net::ERR_FAILED @ chrome-extension://invalid/:0
[   57836ms] [ERROR] Failed to load resource: net::ERR_FAILED @ chrome-extension://invalid/:0
[   57959ms] [ERROR] Failed to load resource: net::ERR_FAILED @ chrome-extension://invalid/:0
[   58060ms] [ERROR] Failed to load resource: net::ERR_FAILED @ chrome-extension://invalid/:0
[   58162ms] [ERROR] Failed to load resource: net::ERR_FAILED @ chrome-extension://invalid/:0
[   58264ms] [ERROR] Failed to load resource: net::ERR_FAILED @ chrome-extension://invalid/:0
[   58366ms] [ERROR] Failed to load resource: net::ERR_FAILED @ chrome-extension://invalid/:0
[   58469ms] [ERROR] Failed to load resource: net::ERR_FAILED @ chrome-extension://invalid/:0
[   58572ms] [ERROR] Failed to load resource: net::ERR_FAILED @ chrome-extension://invalid/:0
[   58673ms] [ERROR] Failed to load resource: net::ERR_FAILED @ chrome-extension://invalid/:0
[   58775ms] [ERROR] Failed to load resource: net::ERR_FAILED @ chrome-extension://invalid/:0
[   58877ms] [ERROR] Failed to load resource: net::ERR_FAILED @ chrome-extension://invalid/:0
[   58980ms] [ERROR] Failed to load resource: net::ERR_FAILED @ chrome-extension://invalid/:0
[   59081ms] [ERROR] Failed to load resource: net::ERR_FAILED @ chrome-extension://invalid/:0
[   59182ms] [ERROR] Failed to load resource: net::ERR_FAILED @ chrome-extension://invalid/:0
[   59284ms] [ERROR] Failed to load resource: net::ERR_FAILED @ chrome-extension://invalid/:0
[   59386ms] [ERROR] Failed to load resource: net::ERR_FAILED @ chrome-extension://invalid/:0
[   59487ms] [ERROR] Failed to load resource: net::ERR_FAILED @ chrome-extension://invalid/:0
[   59589ms] [ERROR] Failed to load resource: net::ERR_FAILED @ chrome-extension://invalid/:0
[   59691ms] [ERROR] Failed to load resource: net::ERR_FAILED @ chrome-extension://invalid/:0
[   59793ms] [ERROR] Failed to load resource: net::ERR_FAILED @ chrome-extension://invalid/:0
[   59895ms] [ERROR] Failed to load resource: net::ERR_FAILED @ chrome-extension://invalid/:0
[   59997ms] [ERROR] Failed to load resource: net::ERR_FAILED @ chrome-extension://invalid/:0
[   60100ms] [ERROR] Failed to load resource: net::ERR_FAILED @ chrome-extension://invalid/:0
[   60201ms] [ERROR] Failed to load resource: net::ERR_FAILED @ chrome-extension://invalid/:0
[   60302ms] [ERROR] Failed to load resource: net::ERR_FAILED @ chrome-extension://invalid/:0
[   60412ms] [ERROR] Failed to load resource: net::ERR_FAILED @ chrome-extension://invalid/:0
[   60513ms] [ERROR] Failed to load resource: net::ERR_FAILED @ chrome-extension://invalid/:0
[   60616ms] [ERROR] Failed to load resource: net::ERR_FAILED @ chrome-extension://invalid/:0
[   60718ms] [ERROR] Failed to load resource: net::ERR_FAILED @ chrome-extension://invalid/:0
[   60821ms] [ERROR] Failed to load resource: net::ERR_FAILED @ chrome-extension://invalid/:0
[   60922ms] [ERROR] Failed to load resource: net::ERR_FAILED @ chrome-extension://invalid/:0
[   61024ms] [ERROR] Failed to load resource: net::ERR_FAILED @ chrome-extension://invalid/:0
[   61126ms] [ERROR] Failed to load resource: net::ERR_FAILED @ chrome-extension://invalid/:0
[   61229ms] [ERROR] Failed to load resource: net::ERR_FAILED @ chrome-extension://invalid/:0
[   61331ms] [ERROR] Failed to load resource: net::ERR_FAILED @ chrome-extension://invalid/:0
[   61435ms] [ERROR] Failed to load resource: net::ERR_FAILED @ chrome-extension://invalid/:0
[   61537ms] [ERROR] Failed to load resource: net::ERR_FAILED @ chrome-extension://invalid/:0
[   61640ms] [ERROR] Failed to load resource: net::ERR_FAILED @ chrome-extension://invalid/:0
[   61741ms] [ERROR] Failed to load resource: net::ERR_FAILED @ chrome-extension://invalid/:0
[   61844ms] [ERROR] Failed to load resource: net::ERR_FAILED @ chrome-extension://invalid/:0
[   61945ms] [ERROR] Failed to load resource: net::ERR_FAILED @ chrome-extension://invalid/:0
[   62048ms] [ERROR] Failed to load resource: net::ERR_FAILED @ chrome-extension://invalid/:0
[   62149ms] [ERROR] Failed to load resource: net::ERR_FAILED @ chrome-extension://invalid/:0
[   62252ms] [ERROR] Failed to load resource: net::ERR_FAILED @ chrome-extension://invalid/:0
[   62354ms] [ERROR] Failed to load resource: net::ERR_FAILED @ chrome-extension://invalid/:0
[   62508ms] [ERROR] Failed to load resource: net::ERR_FAILED @ chrome-extension://invalid/:0
[   62609ms] [ERROR] Failed to load resource: net::ERR_FAILED @ chrome-extension://invalid/:0
[   62711ms] [ERROR] Failed to load resource: net::ERR_FAILED @ chrome-extension://invalid/:0
[   62812ms] [ERROR] Failed to load resource: net::ERR_FAILED @ chrome-extension://invalid/:0
[   62913ms] [ERROR] Failed to load resource: net::ERR_FAILED @ chrome-extension://invalid/:0
[   63016ms] [ERROR] Failed to load resource: net::ERR_FAILED @ chrome-extension://invalid/:0
[   63117ms] [ERROR] Failed to load resource: net::ERR_FAILED @ chrome-extension://invalid/:0
[   63219ms] [ERROR] Failed to load resource: net::ERR_FAILED @ chrome-extension://invalid/:0
[   63321ms] [ERROR] Failed to load resource: net::ERR_FAILED @ chrome-extension://invalid/:0
[   63423ms] [ERROR] Failed to load resource: net::ERR_FAILED @ chrome-extension://invalid/:0
[   63589ms] [ERROR] Failed to load resource: net::ERR_FAILED @ chrome-extension://invalid/:0
[   63715ms] [ERROR] Failed to load resource: net::ERR_FAILED @ chrome-extension://invalid/:0
[   63817ms] [ERROR] Failed to load resource: net::ERR_FAILED @ chrome-extension://invalid/:0
[   63919ms] [ERROR] Failed to load resource: net::ERR_FAILED @ chrome-extension://invalid/:0
[   64020ms] [ERROR] Failed to load resource: net::ERR_FAILED @ chrome-extension://invalid/:0
[   64122ms] [ERROR] Failed to load resource: net::ERR_FAILED @ chrome-extension://invalid/:0
[   64223ms] [ERROR] Failed to load resource: net::ERR_FAILED @ chrome-extension://invalid/:0
[   64325ms] [ERROR] Failed to load resource: net::ERR_FAILED @ chrome-extension://invalid/:0
[   64427ms] [ERROR] Failed to load resource: net::ERR_FAILED @ chrome-extension://invalid/:0
[   64528ms] [ERROR] Failed to load resource: net::ERR_FAILED @ chrome-extension://invalid/:0
[   64631ms] [ERROR] Failed to load resource: net::ERR_FAILED @ chrome-extension://invalid/:0
[   64733ms] [ERROR] Failed to load resource: net::ERR_FAILED @ chrome-extension://invalid/:0
[   64835ms] [ERROR] Failed to load resource: net::ERR_FAILED @ chrome-extension://invalid/:0
[   64937ms] [ERROR] Failed to load resource: net::ERR_FAILED @ chrome-extension://invalid/:0
[   65038ms] [ERROR] Failed to load resource: net::ERR_FAILED @ chrome-extension://invalid/:0
[   65140ms] [ERROR] Failed to load resource: net::ERR_FAILED @ chrome-extension://invalid/:0
[   65242ms] [ERROR] Failed to load resource: net::ERR_FAILED @ chrome-extension://invalid/:0
[   65344ms] [ERROR] Failed to load resource: net::ERR_FAILED @ chrome-extension://invalid/:0
[   65447ms] [ERROR] Failed to load resource: net::ERR_FAILED @ chrome-extension://invalid/:0
[   65551ms] [ERROR] Failed to load resource: net::ERR_FAILED @ chrome-extension://invalid/:0
[   65652ms] [ERROR] Failed to load resource: net::ERR_FAILED @ chrome-extension://invalid/:0
[   65753ms] [ERROR] Failed to load resource: net::ERR_FAILED @ chrome-extension://invalid/:0
[   65856ms] [ERROR] Failed to load resource: net::ERR_FAILED @ chrome-extension://invalid/:0
[   65957ms] [ERROR] Failed to load resource: net::ERR_FAILED @ chrome-extension://invalid/:0
[   66060ms] [ERROR] Failed to load resource: net::ERR_FAILED @ chrome-extension://invalid/:0
[   66161ms] [ERROR] Failed to load resource: net::ERR_FAILED @ chrome-extension://invalid/:0
[   66263ms] [ERROR] Failed to load resource: net::ERR_FAILED @ chrome-extension://invalid/:0
[   66365ms] [ERROR] Failed to load resource: net::ERR_FAILED @ chrome-extension://invalid/:0
[   66468ms] [ERROR] Failed to load resource: net::ERR_FAILED @ chrome-extension://invalid/:0
[   66569ms] [ERROR] Failed to load resource: net::ERR_FAILED @ chrome-extension://invalid/:0
[   66671ms] [ERROR] Failed to load resource: net::ERR_FAILED @ chrome-extension://invalid/:0
[   66773ms] [ERROR] Failed to load resource: net::ERR_FAILED @ chrome-extension://invalid/:0
[   66876ms] [ERROR] Failed to load resource: net::ERR_FAILED @ chrome-extension://invalid/:0
[   66905ms] [ERROR] Failed to load resource: net::ERR_CONNECTION_CLOSED @ https://ads.stickyadstv.com/user-matching?id=3661&_t=1790759603968:0
[   66977ms] [ERROR] Failed to load resource: net::ERR_FAILED @ chrome-extension://invalid/:0
[   67079ms] [ERROR] Failed to load resource: net::ERR_FAILED @ chrome-extension://invalid/:0
[   67181ms] [ERROR] Failed to load resource: net::ERR_FAILED @ chrome-extension://invalid/:0
[   67282ms] [ERROR] Failed to load resource: net::ERR_FAILED @ chrome-extension://invalid/:0
[   67384ms] [ERROR] Failed to load resource: net::ERR_FAILED @ chrome-extension://invalid/:0
[   67485ms] [ERROR] Failed to load resource: net::ERR_FAILED @ chrome-extension://invalid/:0
[   67588ms] [ERROR] Failed to load resource: net::ERR_FAILED @ chrome-extension://invalid/:0
[   67690ms] [ERROR] Failed to load resource: net::ERR_FAILED @ chrome-extension://invalid/:0
[   67792ms] [ERROR] Failed to load resource: net::ERR_FAILED @ chrome-extension://invalid/:0
[   67912ms] [ERROR] Failed to load resource: net::ERR_FAILED @ chrome-extension://invalid/:0
[   68013ms] [ERROR] Failed to load resource: net::ERR_FAILED @ chrome-extension://invalid/:0
[   68116ms] [ERROR] Failed to load resource: net::ERR_FAILED @ chrome-extension://invalid/:0
[   68217ms] [ERROR] Failed to load resource: net::ERR_FAILED @ chrome-extension://invalid/:0
[   68320ms] [ERROR] Failed to load resource: net::ERR_FAILED @ chrome-extension://invalid/:0
[   68421ms] [ERROR] Failed to load resource: net::ERR_FAILED @ chrome-extension://invalid/:0
[   68523ms] [ERROR] Failed to load resource: net::ERR_FAILED @ chrome-extension://invalid/:0
[   68624ms] [ERROR] Failed to load resource: net::ERR_FAILED @ chrome-extension://invalid/:0
[   68725ms] [ERROR] Failed to load resource: net::ERR_FAILED @ chrome-extension://invalid/:0
[   68826ms] [ERROR] Failed to load resource: net::ERR_FAILED @ chrome-extension://invalid/:0
[   68927ms] [ERROR] Failed to load resource: net::ERR_FAILED @ chrome-extension://invalid/:0
[   69029ms] [ERROR] Failed to load resource: net::ERR_FAILED @ chrome-extension://invalid/:0
[   69131ms] [ERROR] Failed to load resource: net::ERR_FAILED @ chrome-extension://invalid/:0
[   69233ms] [ERROR] Failed to load resource: net::ERR_FAILED @ chrome-extension://invalid/:0
[   69334ms] [ERROR] Failed to load resource: net::ERR_FAILED @ chrome-extension://invalid/:0
[   69435ms] [ERROR] Failed to load resource: net::ERR_FAILED @ chrome-extension://invalid/:0
[   69536ms] [ERROR] Failed to load resource: net::ERR_FAILED @ chrome-extension://invalid/:0
[   69650ms] [ERROR] Failed to load resource: net::ERR_FAILED @ chrome-extension://invalid/:0
[   69752ms] [ERROR] Failed to load resource: net::ERR_FAILED @ chrome-extension://invalid/:0
[   69853ms] [ERROR] Failed to load resource: net::ERR_FAILED @ chrome-extension://invalid/:0
[   69957ms] [ERROR] Failed to load resource: net::ERR_FAILED @ chrome-extension://invalid/:0
[   70060ms] [ERROR] Failed to load resource: net::ERR_FAILED @ chrome-extension://invalid/:0
[   70161ms] [ERROR] Failed to load resource: net::ERR_FAILED @ chrome-extension://invalid/:0
[   70263ms] [ERROR] Failed to load resource: net::ERR_FAILED @ chrome-extension://invalid/:0
[   70365ms] [ERROR] Failed to load resource: net::ERR_FAILED @ chrome-extension://invalid/:0
[   70468ms] [ERROR] Failed to load resource: net::ERR_FAILED @ chrome-extension://invalid/:0
[   70570ms] [ERROR] Failed to load resource: net::ERR_FAILED @ chrome-extension://invalid/:0
[   70672ms] [ERROR] Failed to load resource: net::ERR_FAILED @ chrome-extension://invalid/:0
[   70773ms] [ERROR] Failed to load resource: net::ERR_FAILED @ chrome-extension://invalid/:0
[   70875ms] [ERROR] Failed to load resource: net::ERR_FAILED @ chrome-extension://invalid/:0
[   70977ms] [ERROR] Failed to load resource: net::ERR_FAILED @ chrome-extension://invalid/:0
[   71078ms] [ERROR] Failed to load resource: net::ERR_FAILED @ chrome-extension://invalid/:0
[   71181ms] [ERROR] Failed to load resource: net::ERR_FAILED @ chrome-extension://invalid/:0
[   71282ms] [ERROR] Failed to load resource: net::ERR_FAILED @ chrome-extension://invalid/:0
[   71385ms] [ERROR] Failed to load resource: net::ERR_FAILED @ chrome-extension://invalid/:0
[   71488ms] [ERROR] Failed to load resource: net::ERR_FAILED @ chrome-extension://invalid/:0
[   71589ms] [ERROR] Failed to load resource: net::ERR_FAILED @ chrome-extension://invalid/:0
[   71691ms] [ERROR] Failed to load resource: net::ERR_FAILED @ chrome-extension://invalid/:0
[   71793ms] [ERROR] Failed to load resource: net::ERR_FAILED @ chrome-extension://invalid/:0
[   71896ms] [ERROR] Failed to load resource: net::ERR_FAILED @ chrome-extension://invalid/:0
[   71997ms] [ERROR] Failed to load resource: net::ERR_FAILED @ chrome-extension://invalid/:0
[   72100ms] [ERROR] Failed to load resource: net::ERR_FAILED @ chrome-extension://invalid/:0
[   72201ms] [ERROR] Failed to load resource: net::ERR_FAILED @ chrome-extension://invalid/:0
[   72304ms] [ERROR] Failed to load resource: net::ERR_FAILED @ chrome-extension://invalid/:0
[   72405ms] [ERROR] Failed to load resource: net::ERR_FAILED @ chrome-extension://invalid/:0
[   72507ms] [ERROR] Failed to load resource: net::ERR_FAILED @ chrome-extension://invalid/:0
[   72610ms] [ERROR] Failed to load resource: net::ERR_FAILED @ chrome-extension://invalid/:0
[   72712ms] [ERROR] Failed to load resource: net::ERR_FAILED @ chrome-extension://invalid/:0
[   72814ms] [ERROR] Failed to load resource: net::ERR_FAILED @ chrome-extension://invalid/:0
[   72916ms] [ERROR] Failed to load resource: net::ERR_FAILED @ chrome-extension://invalid/:0
[   73018ms] [ERROR] Failed to load resource: net::ERR_FAILED @ chrome-extension://invalid/:0
[   73120ms] [ERROR] Failed to load resource: net::ERR_FAILED @ chrome-extension://invalid/:0
[   73221ms] [ERROR] Failed to load resource: net::ERR_FAILED @ chrome-extension://invalid/:0
[   73323ms] [ERROR] Failed to load resource: net::ERR_FAILED @ chrome-extension://invalid/:0
[   73424ms] [ERROR] Failed to load resource: net::ERR_FAILED @ chrome-extension://invalid/:0
[   73526ms] [ERROR] Failed to load resource: net::ERR_FAILED @ chrome-extension://invalid/:0
[   73628ms] [ERROR] Failed to load resource: net::ERR_FAILED @ chrome-extension://invalid/:0
[   73729ms] [ERROR] Failed to load resource: net::ERR_FAILED @ chrome-extension://invalid/:0
[   73832ms] [ERROR] Failed to load resource: net::ERR_FAILED @ chrome-extension://invalid/:0
[   73934ms] [ERROR] Failed to load resource: net::ERR_FAILED @ chrome-extension://invalid/:0
[   74036ms] [ERROR] Failed to load resource: net::ERR_FAILED @ chrome-extension://invalid/:0
[   74138ms] [ERROR] Failed to load resource: net::ERR_FAILED @ chrome-extension://invalid/:0
[   74241ms] [ERROR] Failed to load resource: net::ERR_FAILED @ chrome-extension://invalid/:0
[   74342ms] [ERROR] Failed to load resource: net::ERR_FAILED @ chrome-extension://invalid/:0
[   74445ms] [ERROR] Failed to load resource: net::ERR_FAILED @ chrome-extension://invalid/:0
[   74548ms] [ERROR] Failed to load resource: net::ERR_FAILED @ chrome-extension://invalid/:0
[   74649ms] [ERROR] Failed to load resource: net::ERR_FAILED @ chrome-extension://invalid/:0
[   74752ms] [ERROR] Failed to load resource: net::ERR_FAILED @ chrome-extension://invalid/:0
[   74853ms] [ERROR] Failed to load resource: net::ERR_FAILED @ chrome-extension://invalid/:0
[   74956ms] [ERROR] Failed to load resource: net::ERR_FAILED @ chrome-extension://invalid/:0
[   75057ms] [ERROR] Failed to load resource: net::ERR_FAILED @ chrome-extension://invalid/:0
[   75159ms] [ERROR] Failed to load resource: net::ERR_FAILED @ chrome-extension://invalid/:0
[   75260ms] [ERROR] Failed to load resource: net::ERR_FAILED @ chrome-extension://invalid/:0
[   75361ms] [ERROR] Failed to load resource: net::ERR_FAILED @ chrome-extension://invalid/:0
[   75464ms] [ERROR] Failed to load resource: net::ERR_FAILED @ chrome-extension://invalid/:0
[   75566ms] [ERROR] Failed to load resource: net::ERR_FAILED @ chrome-extension://invalid/:0
[   75669ms] [ERROR] Failed to load resource: net::ERR_FAILED @ chrome-extension://invalid/:0
[   75772ms] [ERROR] Failed to load resource: net::ERR_FAILED @ chrome-extension://invalid/:0
[   75873ms] [ERROR] Failed to load resource: net::ERR_FAILED @ chrome-extension://invalid/:0
[   75977ms] [ERROR] Failed to load resource: net::ERR_FAILED @ chrome-extension://invalid/:0
[   76079ms] [ERROR] Failed to load resource: net::ERR_FAILED @ chrome-extension://invalid/:0
[   76180ms] [ERROR] Failed to load resource: net::ERR_FAILED @ chrome-extension://invalid/:0
[   76282ms] [ERROR] Failed to load resource: net::ERR_FAILED @ chrome-extension://invalid/:0
[   76383ms] [ERROR] Failed to load resource: net::ERR_FAILED @ chrome-extension://invalid/:0
[   76485ms] [ERROR] Failed to load resource: net::ERR_FAILED @ chrome-extension://invalid/:0
[   76588ms] [ERROR] Failed to load resource: net::ERR_FAILED @ chrome-extension://invalid/:0
[   76689ms] [ERROR] Failed to load resource: net::ERR_FAILED @ chrome-extension://invalid/:0
[   76792ms] [ERROR] Failed to load resource: net::ERR_FAILED @ chrome-extension://invalid/:0
[   76893ms] [ERROR] Failed to load resource: net::ERR_FAILED @ chrome-extension://invalid/:0
[   76996ms] [ERROR] Failed to load resource: net::ERR_FAILED @ chrome-extension://invalid/:0
[   77097ms] [ERROR] Failed to load resource: net::ERR_FAILED @ chrome-extension://invalid/:0
[   77200ms] [ERROR] Failed to load resource: net::ERR_FAILED @ chrome-extension://invalid/:0
[   77301ms] [ERROR] Failed to load resource: net::ERR_FAILED @ chrome-extension://invalid/:0
[   77403ms] [ERROR] Failed to load resource: net::ERR_FAILED @ chrome-extension://invalid/:0
[   77504ms] [ERROR] Failed to load resource: net::ERR_FAILED @ chrome-extension://invalid/:0
[   77605ms] [ERROR] Failed to load resource: net::ERR_FAILED @ chrome-extension://invalid/:0
[   77708ms] [ERROR] Failed to load resource: net::ERR_FAILED @ chrome-extension://invalid/:0
[   77809ms] [ERROR] Failed to load resource: net::ERR_FAILED @ chrome-extension://invalid/:0
[   77912ms] [ERROR] Failed to load resource: net::ERR_FAILED @ chrome-extension://invalid/:0
[   78988ms] Error: Minified React error #418; visit https://react.dev/errors/418?args[]=HTML&args[]= for the full message or use the non-minified dev environment for full errors and additional helpful warnings.
    at r8 (https://static.licdn.com/aero-v1/sc/h/assets/CNyVMc-P.js:1:54563)
    at iS (https://static.licdn.com/aero-v1/sc/h/assets/CNyVMc-P.js:1:105953)
    at uC (https://static.licdn.com/aero-v1/sc/h/assets/CNyVMc-P.js:1:147615)
    at https://static.licdn.com/aero-v1/sc/h/assets/CNyVMc-P.js:1:142608
    at uh (https://static.licdn.com/aero-v1/sc/h/assets/CNyVMc-P.js:1:142709)
    at u4 (https://static.licdn.com/aero-v1/sc/h/assets/CNyVMc-P.js:1:169172)
    at MessagePort._ (https://static.licdn.com/aero-v1/sc/h/assets/CNyVMc-P.js:1:15089)
[   79201ms] [WARNING] Attribute 'exception.tags' of type 'object' could not be converted to a proto attribute. @ https://static.licdn.com/aero-v1/sc/h/assets/PODZUbOg.js:2
[   79201ms] [WARNING] Attribute 'exception.tags' of type 'object' could not be converted to a proto attribute. @ https://static.licdn.com/aero-v1/sc/h/assets/PODZUbOg.js:2
[   79914ms] [WARNING] Attribute 'exception.tags' of type 'object' could not be converted to a proto attribute. @ https://static.licdn.com/aero-v1/sc/h/assets/PODZUbOg.js:2
[   79915ms] [WARNING] Attribute 'exception.tags' of type 'object' could not be converted to a proto attribute. @ https://static.licdn.com/aero-v1/sc/h/assets/PODZUbOg.js:2
[   80074ms] [WARNING] VIDEOJS: WARN: Using the tech directly can be dangerous. I hope you know what you're doing.
See https://github.com/videojs/video.js/issues/2617 for more info.
 @ https://static.licdn.com/aero-v1/sc/h/assets/BOkZvtdG.js:0
[   80963ms] [ERROR] Failed to load resource: net::ERR_FAILED @ chrome-extension://invalid/:0
[   81103ms] [ERROR] Failed to load resource: net::ERR_FAILED @ chrome-extension://invalid/:0
[   81205ms] [ERROR] Failed to load resource: net::ERR_FAILED @ chrome-extension://invalid/:0
[   81307ms] [ERROR] Failed to load resource: net::ERR_FAILED @ chrome-extension://invalid/:0
[   81409ms] [ERROR] Failed to load resource: net::ERR_FAILED @ chrome-extension://invalid/:0
[   81510ms] [ERROR] Failed to load resource: net::ERR_FAILED @ chrome-extension://invalid/:0
[   81632ms] [ERROR] Failed to load resource: net::ERR_FAILED @ chrome-extension://invalid/:0
[   81733ms] [ERROR] Failed to load resource: net::ERR_FAILED @ chrome-extension://invalid/:0
[   81834ms] [ERROR] Failed to load resource: net::ERR_FAILED @ chrome-extension://invalid/:0
[   81945ms] [ERROR] Failed to load resource: net::ERR_FAILED @ chrome-extension://invalid/:0
[   82053ms] [ERROR] Failed to load resource: net::ERR_FAILED @ chrome-extension://invalid/:0
[   82155ms] [ERROR] Failed to load resource: net::ERR_FAILED @ chrome-extension://invalid/:0
[   82257ms] [ERROR] Failed to load resource: net::ERR_FAILED @ chrome-extension://invalid/:0
[   82359ms] [ERROR] Failed to load resource: net::ERR_FAILED @ chrome-extension://invalid/:0
[   82469ms] [ERROR] Failed to load resource: net::ERR_FAILED @ chrome-extension://invalid/:0
[   82572ms] [ERROR] Failed to load resource: net::ERR_FAILED @ chrome-extension://invalid/:0
[   82674ms] [ERROR] Failed to load resource: net::ERR_FAILED @ chrome-extension://invalid/:0
[   82776ms] [ERROR] Failed to load resource: net::ERR_FAILED @ chrome-extension://invalid/:0
[   82879ms] [ERROR] Failed to load resource: net::ERR_FAILED @ chrome-extension://invalid/:0
[   82981ms] [ERROR] Failed to load resource: net::ERR_FAILED @ chrome-extension://invalid/:0
[   83082ms] [ERROR] Failed to load resource: net::ERR_FAILED @ chrome-extension://invalid/:0
[   83184ms] [ERROR] Failed to load resource: net::ERR_FAILED @ chrome-extension://invalid/:0
[   83285ms] [ERROR] Failed to load resource: net::ERR_FAILED @ chrome-extension://invalid/:0
[   83388ms] [ERROR] Failed to load resource: net::ERR_FAILED @ chrome-extension://invalid/:0
[   83489ms] [ERROR] Failed to load resource: net::ERR_FAILED @ chrome-extension://invalid/:0
[   83641ms] [ERROR] Failed to load resource: net::ERR_FAILED @ chrome-extension://invalid/:0
[   83743ms] [ERROR] Failed to load resource: net::ERR_FAILED @ chrome-extension://invalid/:0
[   83844ms] [ERROR] Failed to load resource: net::ERR_FAILED @ chrome-extension://invalid/:0
[   83946ms] [ERROR] Failed to load resource: net::ERR_FAILED @ chrome-extension://invalid/:0
[   84049ms] [ERROR] Failed to load resource: net::ERR_FAILED @ chrome-extension://invalid/:0
[   84152ms] [ERROR] Failed to load resource: net::ERR_FAILED @ chrome-extension://invalid/:0
[   84253ms] [ERROR] Failed to load resource: net::ERR_FAILED @ chrome-extension://invalid/:0
[   84356ms] [ERROR] Failed to load resource: net::ERR_FAILED @ chrome-extension://invalid/:0
[   84457ms] [ERROR] Failed to load resource: net::ERR_FAILED @ chrome-extension://invalid/:0
[   84560ms] [ERROR] Failed to load resource: net::ERR_FAILED @ chrome-extension://invalid/:0
[   84661ms] [ERROR] Failed to load resource: net::ERR_FAILED @ chrome-extension://invalid/:0
[   84830ms] [ERROR] Failed to load resource: net::ERR_FAILED @ chrome-extension://invalid/:0
[   84932ms] [ERROR] Failed to load resource: net::ERR_FAILED @ chrome-extension://invalid/:0
[   85033ms] [ERROR] Failed to load resource: net::ERR_FAILED @ chrome-extension://invalid/:0
[   85136ms] [ERROR] Failed to load resource: net::ERR_FAILED @ chrome-extension://invalid/:0
[   85239ms] [ERROR] Failed to load resource: net::ERR_FAILED @ chrome-extension://invalid/:0
[   85352ms] [ERROR] Failed to load resource: net::ERR_FAILED @ chrome-extension://invalid/:0
[   85453ms] [ERROR] Failed to load resource: net::ERR_FAILED @ chrome-extension://invalid/:0
[   85555ms] [ERROR] Failed to load resource: net::ERR_FAILED @ chrome-extension://invalid/:0
[   85657ms] [ERROR] Failed to load resource: net::ERR_FAILED @ chrome-extension://invalid/:0
[   85760ms] [ERROR] Failed to load resource: net::ERR_FAILED @ chrome-extension://invalid/:0
[   85862ms] [ERROR] Failed to load resource: net::ERR_FAILED @ chrome-extension://invalid/:0
[   85964ms] [ERROR] Failed to load resource: net::ERR_FAILED @ chrome-extension://invalid/:0
[   86065ms] [ERROR] Failed to load resource: net::ERR_FAILED @ chrome-extension://invalid/:0
[   86168ms] [ERROR] Failed to load resource: net::ERR_FAILED @ chrome-extension://invalid/:0
[   86270ms] [ERROR] Failed to load resource: net::ERR_FAILED @ chrome-extension://invalid/:0
[   86372ms] [ERROR] Failed to load resource: net::ERR_FAILED @ chrome-extension://invalid/:0
[   86475ms] [ERROR] Failed to load resource: net::ERR_FAILED @ chrome-extension://invalid/:0
[   86578ms] [ERROR] Failed to load resource: net::ERR_FAILED @ chrome-extension://invalid/:0
[   86680ms] [ERROR] Failed to load resource: net::ERR_FAILED @ chrome-extension://invalid/:0
[   86781ms] [ERROR] Failed to load resource: net::ERR_FAILED @ chrome-extension://invalid/:0
[   86939ms] [ERROR] Failed to load resource: net::ERR_FAILED @ chrome-extension://invalid/:0
[   87040ms] [ERROR] Failed to load resource: net::ERR_FAILED @ chrome-extension://invalid/:0
[   87142ms] [ERROR] Failed to load resource: net::ERR_FAILED @ chrome-extension://invalid/:0
[   87244ms] [ERROR] Failed to load resource: net::ERR_FAILED @ chrome-extension://invalid/:0
[   87346ms] [ERROR] Failed to load resource: net::ERR_FAILED @ chrome-extension://invalid/:0
[   87448ms] [ERROR] Failed to load resource: net::ERR_FAILED @ chrome-extension://invalid/:0
[   87550ms] [ERROR] Failed to load resource: net::ERR_FAILED @ chrome-extension://invalid/:0
[   87652ms] [ERROR] Failed to load resource: net::ERR_FAILED @ chrome-extension://invalid/:0
[   87753ms] [ERROR] Failed to load resource: net::ERR_FAILED @ chrome-extension://invalid/:0
[   87855ms] [ERROR] Failed to load resource: net::ERR_FAILED @ chrome-extension://invalid/:0
[   88040ms] [ERROR] Failed to load resource: net::ERR_FAILED @ chrome-extension://invalid/:0
[   88077ms] [WARNING] VIDEOJS: WARN: Using the tech directly can be dangerous. I hope you know what you're doing.
See https://github.com/videojs/video.js/issues/2617 for more info.
 @ https://static.licdn.com/aero-v1/sc/h/assets/BOkZvtdG.js:0
[   88145ms] [ERROR] Failed to load resource: net::ERR_FAILED @ chrome-extension://invalid/:0
[   88248ms] [ERROR] Failed to load resource: net::ERR_FAILED @ chrome-extension://invalid/:0
[   88349ms] [ERROR] Failed to load resource: net::ERR_FAILED @ chrome-extension://invalid/:0
[   88452ms] [ERROR] Failed to load resource: net::ERR_FAILED @ chrome-extension://invalid/:0
[   88640ms] [ERROR] Failed to load resource: net::ERR_FAILED @ chrome-extension://invalid/:0
[   88756ms] [WARNING] VIDEOJS: WARN: Using the tech directly can be dangerous. I hope you know what you're doing.
See https://github.com/videojs/video.js/issues/2617 for more info.
 @ https://static.licdn.com/aero-v1/sc/h/assets/BOkZvtdG.js:0
[   88764ms] [ERROR] Failed to load resource: net::ERR_FAILED @ chrome-extension://invalid/:0
[   88865ms] [ERROR] Failed to load resource: net::ERR_FAILED @ chrome-extension://invalid/:0
[   88967ms] [ERROR] Failed to load resource: net::ERR_FAILED @ chrome-extension://invalid/:0
[   89069ms] [ERROR] Failed to load resource: net::ERR_FAILED @ chrome-extension://invalid/:0
[   89172ms] [ERROR] Failed to load resource: net::ERR_FAILED @ chrome-extension://invalid/:0
[   89274ms] [ERROR] Failed to load resource: net::ERR_FAILED @ chrome-extension://invalid/:0
[   89376ms] [ERROR] Failed to load resource: net::ERR_FAILED @ chrome-extension://invalid/:0
[   89478ms] [ERROR] Failed to load resource: net::ERR_FAILED @ chrome-extension://invalid/:0
[   89581ms] [ERROR] Failed to load resource: net::ERR_FAILED @ chrome-extension://invalid/:0
[   89682ms] [ERROR] Failed to load resource: net::ERR_FAILED @ chrome-extension://invalid/:0
[   89784ms] [ERROR] Failed to load resource: net::ERR_FAILED @ chrome-extension://invalid/:0
[   89886ms] [ERROR] Failed to load resource: net::ERR_FAILED @ chrome-extension://invalid/:0
[   89988ms] [ERROR] Failed to load resource: net::ERR_FAILED @ chrome-extension://invalid/:0
[   90089ms] [ERROR] Failed to load resource: net::ERR_FAILED @ chrome-extension://invalid/:0
[   90192ms] [ERROR] Failed to load resource: net::ERR_FAILED @ chrome-extension://invalid/:0
[   90294ms] [ERROR] Failed to load resource: net::ERR_FAILED @ chrome-extension://invalid/:0
[   90396ms] [ERROR] Failed to load resource: net::ERR_FAILED @ chrome-extension://invalid/:0
[   90499ms] [ERROR] Failed to load resource: net::ERR_FAILED @ chrome-extension://invalid/:0
[   90601ms] [ERROR] Failed to load resource: net::ERR_FAILED @ chrome-extension://invalid/:0
[   90702ms] [ERROR] Failed to load resource: net::ERR_FAILED @ chrome-extension://invalid/:0
[   90765ms] [ERROR] Failed to load resource: net::ERR_CONNECTION_CLOSED @ https://ads.stickyadstv.com/user-matching?id=3661&_t=1790759627828:0
[   90803ms] [ERROR] Failed to load resource: net::ERR_FAILED @ chrome-extension://invalid/:0
[   90905ms] [ERROR] Failed to load resource: net::ERR_FAILED @ chrome-extension://invalid/:0
[   91007ms] [ERROR] Failed to load resource: net::ERR_FAILED @ chrome-extension://invalid/:0
[   91109ms] [ERROR] Failed to load resource: net::ERR_FAILED @ chrome-extension://invalid/:0
[   91210ms] [ERROR] Failed to load resource: net::ERR_FAILED @ chrome-extension://invalid/:0
[   91312ms] [ERROR] Failed to load resource: net::ERR_FAILED @ chrome-extension://invalid/:0
[   91413ms] [ERROR] Failed to load resource: net::ERR_FAILED @ chrome-extension://invalid/:0
[   91516ms] [ERROR] Failed to load resource: net::ERR_FAILED @ chrome-extension://invalid/:0
[   91617ms] [ERROR] Failed to load resource: net::ERR_FAILED @ chrome-extension://invalid/:0
[   91720ms] [ERROR] Failed to load resource: net::ERR_FAILED @ chrome-extension://invalid/:0
[   91821ms] [ERROR] Failed to load resource: net::ERR_FAILED @ chrome-extension://invalid/:0
[   91924ms] [ERROR] Failed to load resource: net::ERR_FAILED @ chrome-extension://invalid/:0
[   92026ms] [ERROR] Failed to load resource: net::ERR_FAILED @ chrome-extension://invalid/:0
[   92128ms] [ERROR] Failed to load resource: net::ERR_FAILED @ chrome-extension://invalid/:0
[   92231ms] [ERROR] Failed to load resource: net::ERR_FAILED @ chrome-extension://invalid/:0
[   92333ms] [ERROR] Failed to load resource: net::ERR_FAILED @ chrome-extension://invalid/:0
[   92434ms] [ERROR] Failed to load resource: net::ERR_FAILED @ chrome-extension://invalid/:0
[   92537ms] [ERROR] Failed to load resource: net::ERR_FAILED @ chrome-extension://invalid/:0
[   92640ms] [ERROR] Failed to load resource: net::ERR_FAILED @ chrome-extension://invalid/:0
[   92741ms] [ERROR] Failed to load resource: net::ERR_FAILED @ chrome-extension://invalid/:0
[   92843ms] [ERROR] Failed to load resource: net::ERR_FAILED @ chrome-extension://invalid/:0
[   92945ms] [ERROR] Failed to load resource: net::ERR_FAILED @ chrome-extension://invalid/:0
[   93047ms] [ERROR] Failed to load resource: net::ERR_FAILED @ chrome-extension://invalid/:0
[   93149ms] [ERROR] Failed to load resource: net::ERR_FAILED @ chrome-extension://invalid/:0
[   93251ms] [ERROR] Failed to load resource: net::ERR_FAILED @ chrome-extension://invalid/:0
[   93353ms] [ERROR] Failed to load resource: net::ERR_FAILED @ chrome-extension://invalid/:0
[   93480ms] [ERROR] Failed to load resource: net::ERR_FAILED @ chrome-extension://invalid/:0
[   93589ms] [ERROR] Failed to load resource: net::ERR_FAILED @ chrome-extension://invalid/:0
[   93690ms] [ERROR] Failed to load resource: net::ERR_FAILED @ chrome-extension://invalid/:0
[   93797ms] [ERROR] Failed to load resource: net::ERR_FAILED @ chrome-extension://invalid/:0
[   93900ms] [ERROR] Failed to load resource: net::ERR_FAILED @ chrome-extension://invalid/:0
[   94008ms] [ERROR] Failed to load resource: net::ERR_FAILED @ chrome-extension://invalid/:0
[   94278ms] [ERROR] Failed to load resource: net::ERR_FAILED @ chrome-extension://invalid/:0
[   94339ms] [WARNING] VIDEOJS: WARN: Using the tech directly can be dangerous. I hope you know what you're doing.
See https://github.com/videojs/video.js/issues/2617 for more info.
 @ https://static.licdn.com/aero-v1/sc/h/assets/BOkZvtdG.js:0
[   94346ms] [WARNING] VIDEOJS: WARN: Using the tech directly can be dangerous. I hope you know what you're doing.
See https://github.com/videojs/video.js/issues/2617 for more info.
 @ https://static.licdn.com/aero-v1/sc/h/assets/BOkZvtdG.js:0
[   94400ms] [ERROR] Failed to load resource: net::ERR_FAILED @ chrome-extension://invalid/:0
[   94502ms] [ERROR] Failed to load resource: net::ERR_FAILED @ chrome-extension://invalid/:0
[   94626ms] [ERROR] Failed to load resource: net::ERR_FAILED @ chrome-extension://invalid/:0
[   94728ms] [ERROR] Failed to load resource: net::ERR_FAILED @ chrome-extension://invalid/:0
[   94829ms] [ERROR] Failed to load resource: net::ERR_FAILED @ chrome-extension://invalid/:0
[   94937ms] [ERROR] Failed to load resource: net::ERR_FAILED @ chrome-extension://invalid/:0
[   95039ms] [ERROR] Failed to load resource: net::ERR_FAILED @ chrome-extension://invalid/:0
[   95148ms] [ERROR] Failed to load resource: net::ERR_FAILED @ chrome-extension://invalid/:0
[   95250ms] [ERROR] Failed to load resource: net::ERR_FAILED @ chrome-extension://invalid/:0
[   95357ms] [ERROR] Failed to load resource: net::ERR_FAILED @ chrome-extension://invalid/:0
[   95459ms] [ERROR] Failed to load resource: net::ERR_FAILED @ chrome-extension://invalid/:0
[   95568ms] [ERROR] Failed to load resource: net::ERR_FAILED @ chrome-extension://invalid/:0
[   95669ms] [ERROR] Failed to load resource: net::ERR_FAILED @ chrome-extension://invalid/:0
[   95777ms] [ERROR] Failed to load resource: net::ERR_FAILED @ chrome-extension://invalid/:0
[   95880ms] [ERROR] Failed to load resource: net::ERR_FAILED @ chrome-extension://invalid/:0
[   95988ms] [ERROR] Failed to load resource: net::ERR_FAILED @ chrome-extension://invalid/:0
[   96089ms] [ERROR] Failed to load resource: net::ERR_FAILED @ chrome-extension://invalid/:0
[   96197ms] [ERROR] Failed to load resource: net::ERR_FAILED @ chrome-extension://invalid/:0
[   96300ms] [ERROR] Failed to load resource: net::ERR_FAILED @ chrome-extension://invalid/:0
[   96408ms] [ERROR] Failed to load resource: net::ERR_FAILED @ chrome-extension://invalid/:0
[   96509ms] [ERROR] Failed to load resource: net::ERR_FAILED @ chrome-extension://invalid/:0
[   96617ms] [ERROR] Failed to load resource: net::ERR_FAILED @ chrome-extension://invalid/:0
[   96719ms] [ERROR] Failed to load resource: net::ERR_FAILED @ chrome-extension://invalid/:0
[   96827ms] [ERROR] Failed to load resource: net::ERR_FAILED @ chrome-extension://invalid/:0
[   96928ms] [ERROR] Failed to load resource: net::ERR_FAILED @ chrome-extension://invalid/:0
[   97039ms] [ERROR] Failed to load resource: net::ERR_FAILED @ chrome-extension://invalid/:0
[   97141ms] [ERROR] Failed to load resource: net::ERR_FAILED @ chrome-extension://invalid/:0
[   97249ms] [ERROR] Failed to load resource: net::ERR_FAILED @ chrome-extension://invalid/:0
[   97351ms] [ERROR] Failed to load resource: net::ERR_FAILED @ chrome-extension://invalid/:0
[   97457ms] [ERROR] Failed to load resource: net::ERR_FAILED @ chrome-extension://invalid/:0
[   97558ms] [ERROR] Failed to load resource: net::ERR_FAILED @ chrome-extension://invalid/:0
[   97668ms] [ERROR] Failed to load resource: net::ERR_FAILED @ chrome-extension://invalid/:0
[   97769ms] [ERROR] Failed to load resource: net::ERR_FAILED @ chrome-extension://invalid/:0
[   97877ms] [ERROR] Failed to load resource: net::ERR_FAILED @ chrome-extension://invalid/:0
[   97980ms] [ERROR] Failed to load resource: net::ERR_FAILED @ chrome-extension://invalid/:0
[   98088ms] [ERROR] Failed to load resource: net::ERR_FAILED @ chrome-extension://invalid/:0
[   98190ms] [ERROR] Failed to load resource: net::ERR_FAILED @ chrome-extension://invalid/:0
[   98297ms] [ERROR] Failed to load resource: net::ERR_FAILED @ chrome-extension://invalid/:0
[   98401ms] [ERROR] Failed to load resource: net::ERR_FAILED @ chrome-extension://invalid/:0
[   98508ms] [ERROR] Failed to load resource: net::ERR_FAILED @ chrome-extension://invalid/:0
[   98609ms] [ERROR] Failed to load resource: net::ERR_FAILED @ chrome-extension://invalid/:0
[   98717ms] [ERROR] Failed to load resource: net::ERR_FAILED @ chrome-extension://invalid/:0
[   98820ms] [ERROR] Failed to load resource: net::ERR_FAILED @ chrome-extension://invalid/:0
[   98929ms] [ERROR] Failed to load resource: net::ERR_FAILED @ chrome-extension://invalid/:0
[   99031ms] [ERROR] Failed to load resource: net::ERR_FAILED @ chrome-extension://invalid/:0
[   99137ms] [ERROR] Failed to load resource: net::ERR_FAILED @ chrome-extension://invalid/:0
[   99240ms] [ERROR] Failed to load resource: net::ERR_FAILED @ chrome-extension://invalid/:0
[   99348ms] [ERROR] Failed to load resource: net::ERR_FAILED @ chrome-extension://invalid/:0
[   99450ms] [ERROR] Failed to load resource: net::ERR_FAILED @ chrome-extension://invalid/:0
[   99601ms] [ERROR] Failed to load resource: net::ERR_FAILED @ chrome-extension://invalid/:0
[   99708ms] [ERROR] Failed to load resource: net::ERR_FAILED @ chrome-extension://invalid/:0
[   99809ms] [ERROR] Failed to load resource: net::ERR_FAILED @ chrome-extension://invalid/:0
[   99917ms] [ERROR] Failed to load resource: net::ERR_FAILED @ chrome-extension://invalid/:0
[  100020ms] [ERROR] Failed to load resource: net::ERR_FAILED @ chrome-extension://invalid/:0
[  100127ms] [ERROR] Failed to load resource: net::ERR_FAILED @ chrome-extension://invalid/:0
[  100229ms] [ERROR] Failed to load resource: net::ERR_FAILED @ chrome-extension://invalid/:0
[  100339ms] [ERROR] Failed to load resource: net::ERR_FAILED @ chrome-extension://invalid/:0
[  100441ms] [ERROR] Failed to load resource: net::ERR_FAILED @ chrome-extension://invalid/:0
[  100548ms] [ERROR] Failed to load resource: net::ERR_FAILED @ chrome-extension://invalid/:0
[  100651ms] [ERROR] Failed to load resource: net::ERR_FAILED @ chrome-extension://invalid/:0
[  100775ms] [ERROR] Failed to load resource: net::ERR_FAILED @ chrome-extension://invalid/:0
[  100877ms] [ERROR] Failed to load resource: net::ERR_FAILED @ chrome-extension://invalid/:0
[  100980ms] [ERROR] Failed to load resource: net::ERR_FAILED @ chrome-extension://invalid/:0
[  101087ms] [ERROR] Failed to load resource: net::ERR_FAILED @ chrome-extension://invalid/:0
[  101188ms] [ERROR] Failed to load resource: net::ERR_FAILED @ chrome-extension://invalid/:0
[  101297ms] [ERROR] Failed to load resource: net::ERR_FAILED @ chrome-extension://invalid/:0
[  101399ms] [ERROR] Failed to load resource: net::ERR_FAILED @ chrome-extension://invalid/:0
[  101509ms] [ERROR] Failed to load resource: net::ERR_FAILED @ chrome-extension://invalid/:0
[  101610ms] [ERROR] Failed to load resource: net::ERR_FAILED @ chrome-extension://invalid/:0
[  101717ms] [ERROR] Failed to load resource: net::ERR_FAILED @ chrome-extension://invalid/:0
[  101819ms] [ERROR] Failed to load resource: net::ERR_FAILED @ chrome-extension://invalid/:0
[  101928ms] [ERROR] Failed to load resource: net::ERR_FAILED @ chrome-extension://invalid/:0
[  102030ms] [ERROR] Failed to load resource: net::ERR_FAILED @ chrome-extension://invalid/:0
[  102137ms] [ERROR] Failed to load resource: net::ERR_FAILED @ chrome-extension://invalid/:0
[  102241ms] [ERROR] Failed to load resource: net::ERR_FAILED @ chrome-extension://invalid/:0
[  102349ms] [ERROR] Failed to load resource: net::ERR_FAILED @ chrome-extension://invalid/:0
[  102451ms] [ERROR] Failed to load resource: net::ERR_FAILED @ chrome-extension://invalid/:0
[  102557ms] [ERROR] Failed to load resource: net::ERR_FAILED @ chrome-extension://invalid/:0
[  102660ms] [ERROR] Failed to load resource: net::ERR_FAILED @ chrome-extension://invalid/:0
[  102768ms] [ERROR] Failed to load resource: net::ERR_FAILED @ chrome-extension://invalid/:0
[  102871ms] [ERROR] Failed to load resource: net::ERR_FAILED @ chrome-extension://invalid/:0
[  102980ms] [ERROR] Failed to load resource: net::ERR_FAILED @ chrome-extension://invalid/:0
[  103082ms] [ERROR] Failed to load resource: net::ERR_FAILED @ chrome-extension://invalid/:0
[  103190ms] [ERROR] Failed to load resource: net::ERR_FAILED @ chrome-extension://invalid/:0
[  103291ms] [ERROR] Failed to load resource: net::ERR_FAILED @ chrome-extension://invalid/:0
[  103397ms] [ERROR] Failed to load resource: net::ERR_FAILED @ chrome-extension://invalid/:0
[  103499ms] [ERROR] Failed to load resource: net::ERR_FAILED @ chrome-extension://invalid/:0
[  103609ms] [ERROR] Failed to load resource: net::ERR_FAILED @ chrome-extension://invalid/:0
[  103711ms] [ERROR] Failed to load resource: net::ERR_FAILED @ chrome-extension://invalid/:0
[  103817ms] [ERROR] Failed to load resource: net::ERR_FAILED @ chrome-extension://invalid/:0
[  103955ms] [ERROR] Failed to load resource: net::ERR_FAILED @ chrome-extension://invalid/:0
[  104057ms] [ERROR] Failed to load resource: net::ERR_FAILED @ chrome-extension://invalid/:0
[  104159ms] [ERROR] Failed to load resource: net::ERR_FAILED @ chrome-extension://invalid/:0
[  104267ms] [ERROR] Failed to load resource: net::ERR_FAILED @ chrome-extension://invalid/:0
[  104369ms] [ERROR] Failed to load resource: net::ERR_FAILED @ chrome-extension://invalid/:0
[  104477ms] [ERROR] Failed to load resource: net::ERR_FAILED @ chrome-extension://invalid/:0
[  104580ms] [ERROR] Failed to load resource: net::ERR_FAILED @ chrome-extension://invalid/:0
[  104687ms] [ERROR] Failed to load resource: net::ERR_FAILED @ chrome-extension://invalid/:0
[  104788ms] [ERROR] Failed to load resource: net::ERR_FAILED @ chrome-extension://invalid/:0
[  104897ms] [ERROR] Failed to load resource: net::ERR_FAILED @ chrome-extension://invalid/:0
[  105000ms] [ERROR] Failed to load resource: net::ERR_FAILED @ chrome-extension://invalid/:0
[  105190ms] [ERROR] Failed to load resource: net::ERR_FAILED @ chrome-extension://invalid/:0
[  105291ms] [ERROR] Failed to load resource: net::ERR_FAILED @ chrome-extension://invalid/:0
[  105392ms] [ERROR] Failed to load resource: net::ERR_FAILED @ chrome-extension://invalid/:0
[  105497ms] [ERROR] Failed to load resource: net::ERR_FAILED @ chrome-extension://invalid/:0
[  105600ms] [ERROR] Failed to load resource: net::ERR_FAILED @ chrome-extension://invalid/:0
[  105708ms] [ERROR] Failed to load resource: net::ERR_FAILED @ chrome-extension://invalid/:0
[  105811ms] [ERROR] Failed to load resource: net::ERR_FAILED @ chrome-extension://invalid/:0
[  105917ms] [ERROR] Failed to load resource: net::ERR_FAILED @ chrome-extension://invalid/:0
[  106019ms] [ERROR] Failed to load resource: net::ERR_FAILED @ chrome-extension://invalid/:0
[  106128ms] [ERROR] Failed to load resource: net::ERR_FAILED @ chrome-extension://invalid/:0
[  106229ms] [ERROR] Failed to load resource: net::ERR_FAILED @ chrome-extension://invalid/:0
[  106339ms] [ERROR] Failed to load resource: net::ERR_FAILED @ chrome-extension://invalid/:0
[  106441ms] [ERROR] Failed to load resource: net::ERR_FAILED @ chrome-extension://invalid/:0
[  106548ms] [ERROR] Failed to load resource: net::ERR_FAILED @ chrome-extension://invalid/:0
[  106650ms] [ERROR] Failed to load resource: net::ERR_FAILED @ chrome-extension://invalid/:0
[  106757ms] [ERROR] Failed to load resource: net::ERR_FAILED @ chrome-extension://invalid/:0
[  106859ms] [ERROR] Failed to load resource: net::ERR_FAILED @ chrome-extension://invalid/:0
[  106968ms] [ERROR] Failed to load resource: net::ERR_FAILED @ chrome-extension://invalid/:0
[  107069ms] [ERROR] Failed to load resource: net::ERR_FAILED @ chrome-extension://invalid/:0
[  107177ms] [ERROR] Failed to load resource: net::ERR_FAILED @ chrome-extension://invalid/:0
[  107280ms] [ERROR] Failed to load resource: net::ERR_FAILED @ chrome-extension://invalid/:0
[  107389ms] [ERROR] Failed to load resource: net::ERR_FAILED @ chrome-extension://invalid/:0
[  107491ms] [ERROR] Failed to load resource: net::ERR_FAILED @ chrome-extension://invalid/:0
[  107597ms] [ERROR] Failed to load resource: net::ERR_FAILED @ chrome-extension://invalid/:0
[  107700ms] [ERROR] Failed to load resource: net::ERR_FAILED @ chrome-extension://invalid/:0
[  107808ms] [ERROR] Failed to load resource: net::ERR_FAILED @ chrome-extension://invalid/:0
[  107911ms] [ERROR] Failed to load resource: net::ERR_FAILED @ chrome-extension://invalid/:0
[  108679ms] [WARNING] VIDEOJS: WARN: Using the tech directly can be dangerous. I hope you know what you're doing.
See https://github.com/videojs/video.js/issues/2617 for more info.
 @ https://static.licdn.com/aero-v1/sc/h/assets/BOkZvtdG.js:0
[  109966ms] [ERROR] Failed to load resource: net::ERR_FAILED @ chrome-extension://invalid/:0
[  110067ms] [ERROR] Failed to load resource: net::ERR_FAILED @ chrome-extension://invalid/:0
[  110185ms] [ERROR] Failed to load resource: net::ERR_FAILED @ chrome-extension://invalid/:0
[  110345ms] [ERROR] Failed to load resource: net::ERR_FAILED @ chrome-extension://invalid/:0
[  110453ms] [ERROR] Failed to load resource: net::ERR_FAILED @ chrome-extension://invalid/:0
[  110585ms] [ERROR] Failed to load resource: net::ERR_FAILED @ chrome-extension://invalid/:0
[  110687ms] [ERROR] Failed to load resource: net::ERR_FAILED @ chrome-extension://invalid/:0
[  110810ms] [ERROR] Failed to load resource: net::ERR_FAILED @ chrome-extension://invalid/:0
[  110912ms] [ERROR] Failed to load resource: net::ERR_FAILED @ chrome-extension://invalid/:0
[  111013ms] [ERROR] Failed to load resource: net::ERR_FAILED @ chrome-extension://invalid/:0
[  111121ms] [ERROR] Failed to load resource: net::ERR_FAILED @ chrome-extension://invalid/:0
[  111230ms] [ERROR] Failed to load resource: net::ERR_FAILED @ chrome-extension://invalid/:0
[  111332ms] [ERROR] Failed to load resource: net::ERR_FAILED @ chrome-extension://invalid/:0
[  111435ms] [ERROR] Failed to load resource: net::ERR_FAILED @ chrome-extension://invalid/:0
[  111537ms] [ERROR] Failed to load resource: net::ERR_FAILED @ chrome-extension://invalid/:0
[  111638ms] [ERROR] Failed to load resource: net::ERR_FAILED @ chrome-extension://invalid/:0
[  111740ms] [ERROR] Failed to load resource: net::ERR_FAILED @ chrome-extension://invalid/:0
[  111842ms] [ERROR] Failed to load resource: net::ERR_FAILED @ chrome-extension://invalid/:0
[  111945ms] [ERROR] Failed to load resource: net::ERR_FAILED @ chrome-extension://invalid/:0
[  112047ms] [ERROR] Failed to load resource: net::ERR_FAILED @ chrome-extension://invalid/:0
[  112149ms] [ERROR] Failed to load resource: net::ERR_FAILED @ chrome-extension://invalid/:0
[  112252ms] [ERROR] Failed to load resource: net::ERR_FAILED @ chrome-extension://invalid/:0
[  112354ms] [ERROR] Failed to load resource: net::ERR_FAILED @ chrome-extension://invalid/:0
[  112455ms] [ERROR] Failed to load resource: net::ERR_FAILED @ chrome-extension://invalid/:0
[  112557ms] [ERROR] Failed to load resource: net::ERR_FAILED @ chrome-extension://invalid/:0
[  112659ms] [ERROR] Failed to load resource: net::ERR_FAILED @ chrome-extension://invalid/:0
[  112762ms] [ERROR] Failed to load resource: net::ERR_FAILED @ chrome-extension://invalid/:0
[  112864ms] [ERROR] Failed to load resource: net::ERR_FAILED @ chrome-extension://invalid/:0
[  112972ms] [ERROR] Failed to load resource: net::ERR_FAILED @ chrome-extension://invalid/:0
[  113073ms] [ERROR] Failed to load resource: net::ERR_FAILED @ chrome-extension://invalid/:0
[  113181ms] [ERROR] Failed to load resource: net::ERR_FAILED @ chrome-extension://invalid/:0
[  113283ms] [ERROR] Failed to load resource: net::ERR_FAILED @ chrome-extension://invalid/:0
[  113392ms] [ERROR] Failed to load resource: net::ERR_FAILED @ chrome-extension://invalid/:0
[  113496ms] [ERROR] Failed to load resource: net::ERR_FAILED @ chrome-extension://invalid/:0
[  113617ms] [ERROR] Failed to load resource: net::ERR_FAILED @ chrome-extension://invalid/:0
[  113721ms] [ERROR] Failed to load resource: net::ERR_FAILED @ chrome-extension://invalid/:0
[  113823ms] [ERROR] Failed to load resource: net::ERR_FAILED @ chrome-extension://invalid/:0
[  113932ms] [ERROR] Failed to load resource: net::ERR_FAILED @ chrome-extension://invalid/:0
[  114034ms] [ERROR] Failed to load resource: net::ERR_FAILED @ chrome-extension://invalid/:0
[  114141ms] [ERROR] Failed to load resource: net::ERR_FAILED @ chrome-extension://invalid/:0
[  114243ms] [ERROR] Failed to load resource: net::ERR_FAILED @ chrome-extension://invalid/:0
[  114353ms] [ERROR] Failed to load resource: net::ERR_FAILED @ chrome-extension://invalid/:0
[  114455ms] [ERROR] Failed to load resource: net::ERR_FAILED @ chrome-extension://invalid/:0
[  114562ms] [ERROR] Failed to load resource: net::ERR_FAILED @ chrome-extension://invalid/:0
[  114664ms] [ERROR] Failed to load resource: net::ERR_FAILED @ chrome-extension://invalid/:0
[  114773ms] [ERROR] Failed to load resource: net::ERR_FAILED @ chrome-extension://invalid/:0
[  114875ms] [ERROR] Failed to load resource: net::ERR_FAILED @ chrome-extension://invalid/:0
[  114981ms] [ERROR] Failed to load resource: net::ERR_FAILED @ chrome-extension://invalid/:0
[  115085ms] [ERROR] Failed to load resource: net::ERR_FAILED @ chrome-extension://invalid/:0
[  115192ms] [ERROR] Failed to load resource: net::ERR_FAILED @ chrome-extension://invalid/:0
[  115294ms] [ERROR] Failed to load resource: net::ERR_FAILED @ chrome-extension://invalid/:0
[  115402ms] [ERROR] Failed to load resource: net::ERR_FAILED @ chrome-extension://invalid/:0
[  115503ms] [ERROR] Failed to load resource: net::ERR_FAILED @ chrome-extension://invalid/:0
[  115620ms] [ERROR] Failed to load resource: net::ERR_FAILED @ chrome-extension://invalid/:0
[  115721ms] [ERROR] Failed to load resource: net::ERR_FAILED @ chrome-extension://invalid/:0
[  115823ms] [ERROR] Failed to load resource: net::ERR_FAILED @ chrome-extension://invalid/:0
[  115924ms] [ERROR] Failed to load resource: net::ERR_FAILED @ chrome-extension://invalid/:0
[  116032ms] [ERROR] Failed to load resource: net::ERR_FAILED @ chrome-extension://invalid/:0
[  116134ms] [ERROR] Failed to load resource: net::ERR_FAILED @ chrome-extension://invalid/:0
[  116241ms] [ERROR] Failed to load resource: net::ERR_FAILED @ chrome-extension://invalid/:0
[  116343ms] [ERROR] Failed to load resource: net::ERR_FAILED @ chrome-extension://invalid/:0
[  116454ms] [ERROR] Failed to load resource: net::ERR_FAILED @ chrome-extension://invalid/:0
[  116556ms] [ERROR] Failed to load resource: net::ERR_FAILED @ chrome-extension://invalid/:0
[  116662ms] [ERROR] Failed to load resource: net::ERR_FAILED @ chrome-extension://invalid/:0
[  116763ms] [ERROR] Failed to load resource: net::ERR_FAILED @ chrome-extension://invalid/:0
[  116872ms] [ERROR] Failed to load resource: net::ERR_FAILED @ chrome-extension://invalid/:0
[  116984ms] [ERROR] Failed to load resource: net::ERR_FAILED @ chrome-extension://invalid/:0
[  117088ms] [ERROR] Failed to load resource: net::ERR_FAILED @ chrome-extension://invalid/:0
[  117189ms] [ERROR] Failed to load resource: net::ERR_FAILED @ chrome-extension://invalid/:0
[  117292ms] [ERROR] Failed to load resource: net::ERR_FAILED @ chrome-extension://invalid/:0
[  117394ms] [ERROR] Failed to load resource: net::ERR_FAILED @ chrome-extension://invalid/:0
[  117501ms] [ERROR] Failed to load resource: net::ERR_FAILED @ chrome-extension://invalid/:0
[  117603ms] [ERROR] Failed to load resource: net::ERR_FAILED @ chrome-extension://invalid/:0
[  117712ms] [ERROR] Failed to load resource: net::ERR_FAILED @ chrome-extension://invalid/:0
[  117813ms] [ERROR] Failed to load resource: net::ERR_FAILED @ chrome-extension://invalid/:0
[  117921ms] [ERROR] Failed to load resource: net::ERR_FAILED @ chrome-extension://invalid/:0
[  118023ms] [ERROR] Failed to load resource: net::ERR_FAILED @ chrome-extension://invalid/:0
[  118132ms] [ERROR] Failed to load resource: net::ERR_FAILED @ chrome-extension://invalid/:0
[  118234ms] [ERROR] Failed to load resource: net::ERR_FAILED @ chrome-extension://invalid/:0
[  118341ms] [ERROR] Failed to load resource: net::ERR_FAILED @ chrome-extension://invalid/:0
[  118443ms] [ERROR] Failed to load resource: net::ERR_FAILED @ chrome-extension://invalid/:0
[  118553ms] [ERROR] Failed to load resource: net::ERR_FAILED @ chrome-extension://invalid/:0
[  118656ms] [ERROR] Failed to load resource: net::ERR_FAILED @ chrome-extension://invalid/:0
[  118762ms] [ERROR] Failed to load resource: net::ERR_FAILED @ chrome-extension://invalid/:0
[  118863ms] [ERROR] Failed to load resource: net::ERR_FAILED @ chrome-extension://invalid/:0
[  118972ms] [ERROR] Failed to load resource: net::ERR_FAILED @ chrome-extension://invalid/:0
[  119073ms] [ERROR] Failed to load resource: net::ERR_FAILED @ chrome-extension://invalid/:0
[  119182ms] [ERROR] Failed to load resource: net::ERR_FAILED @ chrome-extension://invalid/:0
[  119284ms] [ERROR] Failed to load resource: net::ERR_FAILED @ chrome-extension://invalid/:0
[  119396ms] [ERROR] Failed to load resource: net::ERR_FAILED @ chrome-extension://invalid/:0
[  119529ms] [ERROR] Failed to load resource: net::ERR_FAILED @ chrome-extension://invalid/:0
[  119632ms] [ERROR] Failed to load resource: net::ERR_FAILED @ chrome-extension://invalid/:0
[  119733ms] [ERROR] Failed to load resource: net::ERR_FAILED @ chrome-extension://invalid/:0
[  119794ms] [ERROR] Failed to load resource: net::ERR_CONNECTION_CLOSED @ https://ads.stickyadstv.com/user-matching?id=3661&_t=1790759656863:0
[  119841ms] [ERROR] Failed to load resource: net::ERR_FAILED @ chrome-extension://invalid/:0
[  119943ms] [ERROR] Failed to load resource: net::ERR_FAILED @ chrome-extension://invalid/:0
[  120052ms] [ERROR] Failed to load resource: net::ERR_FAILED @ chrome-extension://invalid/:0
[  120154ms] [ERROR] Failed to load resource: net::ERR_FAILED @ chrome-extension://invalid/:0
[  120262ms] [ERROR] Failed to load resource: net::ERR_FAILED @ chrome-extension://invalid/:0
[  120363ms] [ERROR] Failed to load resource: net::ERR_FAILED @ chrome-extension://invalid/:0
[  120472ms] [ERROR] Failed to load resource: net::ERR_FAILED @ chrome-extension://invalid/:0
[  120573ms] [ERROR] Failed to load resource: net::ERR_FAILED @ chrome-extension://invalid/:0
[  120681ms] [ERROR] Failed to load resource: net::ERR_FAILED @ chrome-extension://invalid/:0
[  120783ms] [ERROR] Failed to load resource: net::ERR_FAILED @ chrome-extension://invalid/:0
[  120892ms] [ERROR] Failed to load resource: net::ERR_FAILED @ chrome-extension://invalid/:0
[  120993ms] [ERROR] Failed to load resource: net::ERR_FAILED @ chrome-extension://invalid/:0
[  121103ms] [ERROR] Failed to load resource: net::ERR_FAILED @ chrome-extension://invalid/:0
[  121204ms] [ERROR] Failed to load resource: net::ERR_FAILED @ chrome-extension://invalid/:0
[  121312ms] [ERROR] Failed to load resource: net::ERR_FAILED @ chrome-extension://invalid/:0
[  121413ms] [ERROR] Failed to load resource: net::ERR_FAILED @ chrome-extension://invalid/:0
[  121522ms] [ERROR] Failed to load resource: net::ERR_FAILED @ chrome-extension://invalid/:0
[  121624ms] [ERROR] Failed to load resource: net::ERR_FAILED @ chrome-extension://invalid/:0
[  121731ms] [ERROR] Failed to load resource: net::ERR_FAILED @ chrome-extension://invalid/:0
[  121833ms] [ERROR] Failed to load resource: net::ERR_FAILED @ chrome-extension://invalid/:0
[  121941ms] [ERROR] Failed to load resource: net::ERR_FAILED @ chrome-extension://invalid/:0
[  122043ms] [ERROR] Failed to load resource: net::ERR_FAILED @ chrome-extension://invalid/:0
[  122151ms] [ERROR] Failed to load resource: net::ERR_FAILED @ chrome-extension://invalid/:0
[  122253ms] [ERROR] Failed to load resource: net::ERR_FAILED @ chrome-extension://invalid/:0
[  122362ms] [ERROR] Failed to load resource: net::ERR_FAILED @ chrome-extension://invalid/:0
[  122465ms] [ERROR] Failed to load resource: net::ERR_FAILED @ chrome-extension://invalid/:0
[  122572ms] [ERROR] Failed to load resource: net::ERR_FAILED @ chrome-extension://invalid/:0
[  122673ms] [ERROR] Failed to load resource: net::ERR_FAILED @ chrome-extension://invalid/:0
[  122781ms] [ERROR] Failed to load resource: net::ERR_FAILED @ chrome-extension://invalid/:0
[  122883ms] [ERROR] Failed to load resource: net::ERR_FAILED @ chrome-extension://invalid/:0
[  122992ms] [ERROR] Failed to load resource: net::ERR_FAILED @ chrome-extension://invalid/:0
[  123093ms] [ERROR] Failed to load resource: net::ERR_FAILED @ chrome-extension://invalid/:0
[  123202ms] [ERROR] Failed to load resource: net::ERR_FAILED @ chrome-extension://invalid/:0
[  123305ms] [ERROR] Failed to load resource: net::ERR_FAILED @ chrome-extension://invalid/:0
[  123412ms] [ERROR] Failed to load resource: net::ERR_FAILED @ chrome-extension://invalid/:0
[  123513ms] [ERROR] Failed to load resource: net::ERR_FAILED @ chrome-extension://invalid/:0
[  123621ms] [ERROR] Failed to load resource: net::ERR_FAILED @ chrome-extension://invalid/:0
[  123723ms] [ERROR] Failed to load resource: net::ERR_FAILED @ chrome-extension://invalid/:0
[  123832ms] [ERROR] Failed to load resource: net::ERR_FAILED @ chrome-extension://invalid/:0
[  123934ms] [ERROR] Failed to load resource: net::ERR_FAILED @ chrome-extension://invalid/:0
[  124042ms] [ERROR] Failed to load resource: net::ERR_FAILED @ chrome-extension://invalid/:0
[  124143ms] [ERROR] Failed to load resource: net::ERR_FAILED @ chrome-extension://invalid/:0
[  124252ms] [ERROR] Failed to load resource: net::ERR_FAILED @ chrome-extension://invalid/:0
[  124354ms] [ERROR] Failed to load resource: net::ERR_FAILED @ chrome-extension://invalid/:0
[  124461ms] [ERROR] Failed to load resource: net::ERR_FAILED @ chrome-extension://invalid/:0
[  124563ms] [ERROR] Failed to load resource: net::ERR_FAILED @ chrome-extension://invalid/:0
[  124671ms] [ERROR] Failed to load resource: net::ERR_FAILED @ chrome-extension://invalid/:0
[  124773ms] [ERROR] Failed to load resource: net::ERR_FAILED @ chrome-extension://invalid/:0
[  124881ms] [ERROR] Failed to load resource: net::ERR_FAILED @ chrome-extension://invalid/:0
[  124984ms] [ERROR] Failed to load resource: net::ERR_FAILED @ chrome-extension://invalid/:0
[  125092ms] [ERROR] Failed to load resource: net::ERR_FAILED @ chrome-extension://invalid/:0
[  125193ms] [ERROR] Failed to load resource: net::ERR_FAILED @ chrome-extension://invalid/:0
[  125303ms] [ERROR] Failed to load resource: net::ERR_FAILED @ chrome-extension://invalid/:0
[  125405ms] [ERROR] Failed to load resource: net::ERR_FAILED @ chrome-extension://invalid/:0
[  125512ms] [ERROR] Failed to load resource: net::ERR_FAILED @ chrome-extension://invalid/:0
[  125613ms] [ERROR] Failed to load resource: net::ERR_FAILED @ chrome-extension://invalid/:0
[  125721ms] [ERROR] Failed to load resource: net::ERR_FAILED @ chrome-extension://invalid/:0
[  125823ms] [ERROR] Failed to load resource: net::ERR_FAILED @ chrome-extension://invalid/:0
[  125932ms] [ERROR] Failed to load resource: net::ERR_FAILED @ chrome-extension://invalid/:0
[  126035ms] [ERROR] Failed to load resource: net::ERR_FAILED @ chrome-extension://invalid/:0
[  126141ms] [ERROR] Failed to load resource: net::ERR_FAILED @ chrome-extension://invalid/:0
[  126243ms] [ERROR] Failed to load resource: net::ERR_FAILED @ chrome-extension://invalid/:0
[  126352ms] [ERROR] Failed to load resource: net::ERR_FAILED @ chrome-extension://invalid/:0
[  126453ms] [ERROR] Failed to load resource: net::ERR_FAILED @ chrome-extension://invalid/:0
[  126561ms] [ERROR] Failed to load resource: net::ERR_FAILED @ chrome-extension://invalid/:0
[  126662ms] [ERROR] Failed to load resource: net::ERR_FAILED @ chrome-extension://invalid/:0
[  126772ms] [ERROR] Failed to load resource: net::ERR_FAILED @ chrome-extension://invalid/:0
[  126873ms] [ERROR] Failed to load resource: net::ERR_FAILED @ chrome-extension://invalid/:0
[  126981ms] [ERROR] Failed to load resource: net::ERR_FAILED @ chrome-extension://invalid/:0
[  127083ms] [ERROR] Failed to load resource: net::ERR_FAILED @ chrome-extension://invalid/:0
[  127192ms] [ERROR] Failed to load resource: net::ERR_FAILED @ chrome-extension://invalid/:0
[  127293ms] [ERROR] Failed to load resource: net::ERR_FAILED @ chrome-extension://invalid/:0
[  127402ms] [ERROR] Failed to load resource: net::ERR_FAILED @ chrome-extension://invalid/:0
[  127504ms] [ERROR] Failed to load resource: net::ERR_FAILED @ chrome-extension://invalid/:0
[  127612ms] [ERROR] Failed to load resource: net::ERR_FAILED @ chrome-extension://invalid/:0
[  127713ms] [ERROR] Failed to load resource: net::ERR_FAILED @ chrome-extension://invalid/:0
[  127822ms] [ERROR] Failed to load resource: net::ERR_FAILED @ chrome-extension://invalid/:0
[  127923ms] [ERROR] Failed to load resource: net::ERR_FAILED @ chrome-extension://invalid/:0
[  128032ms] [ERROR] Failed to load resource: net::ERR_FAILED @ chrome-extension://invalid/:0
[  128133ms] [ERROR] Failed to load resource: net::ERR_FAILED @ chrome-extension://invalid/:0
[  128242ms] [ERROR] Failed to load resource: net::ERR_FAILED @ chrome-extension://invalid/:0
[  128344ms] [ERROR] Failed to load resource: net::ERR_FAILED @ chrome-extension://invalid/:0
[  128452ms] [ERROR] Failed to load resource: net::ERR_FAILED @ chrome-extension://invalid/:0
[  128553ms] [ERROR] Failed to load resource: net::ERR_FAILED @ chrome-extension://invalid/:0
[  128661ms] [ERROR] Failed to load resource: net::ERR_FAILED @ chrome-extension://invalid/:0
[  128763ms] [ERROR] Failed to load resource: net::ERR_FAILED @ chrome-extension://invalid/:0
[  128872ms] [ERROR] Failed to load resource: net::ERR_FAILED @ chrome-extension://invalid/:0
[  128973ms] [ERROR] Failed to load resource: net::ERR_FAILED @ chrome-extension://invalid/:0
[  129081ms] [ERROR] Failed to load resource: net::ERR_FAILED @ chrome-extension://invalid/:0
[  129183ms] [ERROR] Failed to load resource: net::ERR_FAILED @ chrome-extension://invalid/:0
[  129292ms] [ERROR] Failed to load resource: net::ERR_FAILED @ chrome-extension://invalid/:0
[  129393ms] [ERROR] Failed to load resource: net::ERR_FAILED @ chrome-extension://invalid/:0
[  129502ms] [ERROR] Failed to load resource: net::ERR_FAILED @ chrome-extension://invalid/:0
[  129603ms] [ERROR] Failed to load resource: net::ERR_FAILED @ chrome-extension://invalid/:0
[  129711ms] [ERROR] Failed to load resource: net::ERR_FAILED @ chrome-extension://invalid/:0
[  129813ms] [ERROR] Failed to load resource: net::ERR_FAILED @ chrome-extension://invalid/:0
[  129921ms] [ERROR] Failed to load resource: net::ERR_FAILED @ chrome-extension://invalid/:0
[  130041ms] [ERROR] Failed to load resource: net::ERR_FAILED @ chrome-extension://invalid/:0
[  130142ms] [ERROR] Failed to load resource: net::ERR_FAILED @ chrome-extension://invalid/:0
[  130253ms] [ERROR] Failed to load resource: net::ERR_FAILED @ chrome-extension://invalid/:0
[  130356ms] [ERROR] Failed to load resource: net::ERR_FAILED @ chrome-extension://invalid/:0
[  130461ms] [ERROR] Failed to load resource: net::ERR_FAILED @ chrome-extension://invalid/:0
[  130564ms] [ERROR] Failed to load resource: net::ERR_FAILED @ chrome-extension://invalid/:0
[  130671ms] [ERROR] Failed to load resource: net::ERR_FAILED @ chrome-extension://invalid/:0
[  130789ms] [ERROR] Failed to load resource: net::ERR_FAILED @ chrome-extension://invalid/:0
[  130891ms] [ERROR] Failed to load resource: net::ERR_FAILED @ chrome-extension://invalid/:0
[  130993ms] [ERROR] Failed to load resource: net::ERR_FAILED @ chrome-extension://invalid/:0
[  131096ms] [ERROR] Failed to load resource: net::ERR_FAILED @ chrome-extension://invalid/:0
[  131197ms] [ERROR] Failed to load resource: net::ERR_FAILED @ chrome-extension://invalid/:0
[  131301ms] [ERROR] Failed to load resource: net::ERR_FAILED @ chrome-extension://invalid/:0
[  131403ms] [ERROR] Failed to load resource: net::ERR_FAILED @ chrome-extension://invalid/:0
[  131512ms] [ERROR] Failed to load resource: net::ERR_FAILED @ chrome-extension://invalid/:0
[  131613ms] [ERROR] Failed to load resource: net::ERR_FAILED @ chrome-extension://invalid/:0
[  131722ms] [ERROR] Failed to load resource: net::ERR_FAILED @ chrome-extension://invalid/:0
[  131825ms] [ERROR] Failed to load resource: net::ERR_FAILED @ chrome-extension://invalid/:0
[  131932ms] [ERROR] Failed to load resource: net::ERR_FAILED @ chrome-extension://invalid/:0
[  132035ms] [ERROR] Failed to load resource: net::ERR_FAILED @ chrome-extension://invalid/:0
[  132141ms] [ERROR] Failed to load resource: net::ERR_FAILED @ chrome-extension://invalid/:0
[  132243ms] [ERROR] Failed to load resource: net::ERR_FAILED @ chrome-extension://invalid/:0
[  132352ms] [ERROR] Failed to load resource: net::ERR_FAILED @ chrome-extension://invalid/:0
[  132453ms] [ERROR] Failed to load resource: net::ERR_FAILED @ chrome-extension://invalid/:0
[  132562ms] [ERROR] Failed to load resource: net::ERR_FAILED @ chrome-extension://invalid/:0
[  132664ms] [ERROR] Failed to load resource: net::ERR_FAILED @ chrome-extension://invalid/:0
[  132772ms] [ERROR] Failed to load resource: net::ERR_FAILED @ chrome-extension://invalid/:0
[  132873ms] [ERROR] Failed to load resource: net::ERR_FAILED @ chrome-extension://invalid/:0
[  132982ms] [ERROR] Failed to load resource: net::ERR_FAILED @ chrome-extension://invalid/:0
[  133084ms] [ERROR] Failed to load resource: net::ERR_FAILED @ chrome-extension://invalid/:0
[  133192ms] [ERROR] Failed to load resource: net::ERR_FAILED @ chrome-extension://invalid/:0
[  133293ms] [ERROR] Failed to load resource: net::ERR_FAILED @ chrome-extension://invalid/:0
[  133406ms] [ERROR] Failed to load resource: net::ERR_FAILED @ chrome-extension://invalid/:0
[  133507ms] [ERROR] Failed to load resource: net::ERR_FAILED @ chrome-extension://invalid/:0
[  133612ms] [ERROR] Failed to load resource: net::ERR_FAILED @ chrome-extension://invalid/:0
[  133713ms] [ERROR] Failed to load resource: net::ERR_FAILED @ chrome-extension://invalid/:0
[  133821ms] [ERROR] Failed to load resource: net::ERR_FAILED @ chrome-extension://invalid/:0
[  133923ms] [ERROR] Failed to load resource: net::ERR_FAILED @ chrome-extension://invalid/:0
[  134033ms] [ERROR] Failed to load resource: net::ERR_FAILED @ chrome-extension://invalid/:0
[  134135ms] [ERROR] Failed to load resource: net::ERR_FAILED @ chrome-extension://invalid/:0
[  134241ms] [ERROR] Failed to load resource: net::ERR_FAILED @ chrome-extension://invalid/:0
[  134342ms] [ERROR] Failed to load resource: net::ERR_FAILED @ chrome-extension://invalid/:0
[  134453ms] [ERROR] Failed to load resource: net::ERR_FAILED @ chrome-extension://invalid/:0
[  134555ms] [ERROR] Failed to load resource: net::ERR_FAILED @ chrome-extension://invalid/:0
[  134661ms] [ERROR] Failed to load resource: net::ERR_FAILED @ chrome-extension://invalid/:0
[  134763ms] [ERROR] Failed to load resource: net::ERR_FAILED @ chrome-extension://invalid/:0
[  134872ms] [ERROR] Failed to load resource: net::ERR_FAILED @ chrome-extension://invalid/:0
[  134973ms] [ERROR] Failed to load resource: net::ERR_FAILED @ chrome-extension://invalid/:0
[  135081ms] [ERROR] Failed to load resource: net::ERR_FAILED @ chrome-extension://invalid/:0
[  135207ms] [ERROR] Failed to load resource: net::ERR_FAILED @ chrome-extension://invalid/:0
[  135309ms] [ERROR] Failed to load resource: net::ERR_FAILED @ chrome-extension://invalid/:0
[  135412ms] [ERROR] Failed to load resource: net::ERR_FAILED @ chrome-extension://invalid/:0
[  135516ms] [ERROR] Failed to load resource: net::ERR_FAILED @ chrome-extension://invalid/:0
[  135621ms] [ERROR] Failed to load resource: net::ERR_FAILED @ chrome-extension://invalid/:0
[  135724ms] [ERROR] Failed to load resource: net::ERR_FAILED @ chrome-extension://invalid/:0
[  135832ms] [ERROR] Failed to load resource: net::ERR_FAILED @ chrome-extension://invalid/:0
[  135935ms] [ERROR] Failed to load resource: net::ERR_FAILED @ chrome-extension://invalid/:0
[  136041ms] [ERROR] Failed to load resource: net::ERR_FAILED @ chrome-extension://invalid/:0
[  136143ms] [ERROR] Failed to load resource: net::ERR_FAILED @ chrome-extension://invalid/:0
[  136252ms] [ERROR] Failed to load resource: net::ERR_FAILED @ chrome-extension://invalid/:0
[  136353ms] [ERROR] Failed to load resource: net::ERR_FAILED @ chrome-extension://invalid/:0
[  136462ms] [ERROR] Failed to load resource: net::ERR_FAILED @ chrome-extension://invalid/:0
[  136563ms] [ERROR] Failed to load resource: net::ERR_FAILED @ chrome-extension://invalid/:0
[  136671ms] [ERROR] Failed to load resource: net::ERR_FAILED @ chrome-extension://invalid/:0
[  136772ms] [ERROR] Failed to load resource: net::ERR_FAILED @ chrome-extension://invalid/:0
[  136881ms] [ERROR] Failed to load resource: net::ERR_FAILED @ chrome-extension://invalid/:0
[  136983ms] [ERROR] Failed to load resource: net::ERR_FAILED @ chrome-extension://invalid/:0
[  137092ms] [ERROR] Failed to load resource: net::ERR_FAILED @ chrome-extension://invalid/:0
[  137194ms] [ERROR] Failed to load resource: net::ERR_FAILED @ chrome-extension://invalid/:0
[  137303ms] [ERROR] Failed to load resource: net::ERR_FAILED @ chrome-extension://invalid/:0
[  137405ms] [ERROR] Failed to load resource: net::ERR_FAILED @ chrome-extension://invalid/:0
[  137511ms] [ERROR] Failed to load resource: net::ERR_FAILED @ chrome-extension://invalid/:0
[  137612ms] [ERROR] Failed to load resource: net::ERR_FAILED @ chrome-extension://invalid/:0
[  137721ms] [ERROR] Failed to load resource: net::ERR_FAILED @ chrome-extension://invalid/:0
[  137823ms] [ERROR] Failed to load resource: net::ERR_FAILED @ chrome-extension://invalid/:0
[  137932ms] [ERROR] Failed to load resource: net::ERR_FAILED @ chrome-extension://invalid/:0
[  138033ms] [ERROR] Failed to load resource: net::ERR_FAILED @ chrome-extension://invalid/:0
[  138142ms] [ERROR] Failed to load resource: net::ERR_FAILED @ chrome-extension://invalid/:0
[  138244ms] [ERROR] Failed to load resource: net::ERR_FAILED @ chrome-extension://invalid/:0
[  138352ms] [ERROR] Failed to load resource: net::ERR_FAILED @ chrome-extension://invalid/:0
[  138453ms] [ERROR] Failed to load resource: net::ERR_FAILED @ chrome-extension://invalid/:0
[  138561ms] [ERROR] Failed to load resource: net::ERR_FAILED @ chrome-extension://invalid/:0
[  138663ms] [ERROR] Failed to load resource: net::ERR_FAILED @ chrome-extension://invalid/:0
[  138771ms] [ERROR] Failed to load resource: net::ERR_FAILED @ chrome-extension://invalid/:0
[  138873ms] [ERROR] Failed to load resource: net::ERR_FAILED @ chrome-extension://invalid/:0
[  138982ms] [ERROR] Failed to load resource: net::ERR_FAILED @ chrome-extension://invalid/:0
[  139083ms] [ERROR] Failed to load resource: net::ERR_FAILED @ chrome-extension://invalid/:0
[  139192ms] [ERROR] Failed to load resource: net::ERR_FAILED @ chrome-extension://invalid/:0
[  139295ms] [ERROR] Failed to load resource: net::ERR_FAILED @ chrome-extension://invalid/:0
[  139402ms] [ERROR] Failed to load resource: net::ERR_FAILED @ chrome-extension://invalid/:0
[  139504ms] [ERROR] Failed to load resource: net::ERR_FAILED @ chrome-extension://invalid/:0
[  139612ms] [ERROR] Failed to load resource: net::ERR_FAILED @ chrome-extension://invalid/:0
[  139714ms] [ERROR] Failed to load resource: net::ERR_FAILED @ chrome-extension://invalid/:0
[  139821ms] [ERROR] Failed to load resource: net::ERR_FAILED @ chrome-extension://invalid/:0
[  139922ms] [ERROR] Failed to load resource: net::ERR_FAILED @ chrome-extension://invalid/:0
[  140032ms] [ERROR] Failed to load resource: net::ERR_FAILED @ chrome-extension://invalid/:0
[  140133ms] [ERROR] Failed to load resource: net::ERR_FAILED @ chrome-extension://invalid/:0
[  140241ms] [ERROR] Failed to load resource: net::ERR_FAILED @ chrome-extension://invalid/:0
[  140343ms] [ERROR] Failed to load resource: net::ERR_FAILED @ chrome-extension://invalid/:0
[  140452ms] [ERROR] Failed to load resource: net::ERR_FAILED @ chrome-extension://invalid/:0
[  140553ms] [ERROR] Failed to load resource: net::ERR_FAILED @ chrome-extension://invalid/:0
[  140661ms] [ERROR] Failed to load resource: net::ERR_FAILED @ chrome-extension://invalid/:0
[  140763ms] [ERROR] Failed to load resource: net::ERR_FAILED @ chrome-extension://invalid/:0
[  140872ms] [ERROR] Failed to load resource: net::ERR_FAILED @ chrome-extension://invalid/:0
[  140973ms] [ERROR] Failed to load resource: net::ERR_FAILED @ chrome-extension://invalid/:0
[  141097ms] [ERROR] Failed to load resource: net::ERR_FAILED @ chrome-extension://invalid/:0
[  141202ms] [ERROR] Failed to load resource: net::ERR_FAILED @ chrome-extension://invalid/:0
[  141304ms] [ERROR] Failed to load resource: net::ERR_FAILED @ chrome-extension://invalid/:0
[  141412ms] [ERROR] Failed to load resource: net::ERR_FAILED @ chrome-extension://invalid/:0
[  141513ms] [ERROR] Failed to load resource: net::ERR_FAILED @ chrome-extension://invalid/:0
[  141622ms] [ERROR] Failed to load resource: net::ERR_FAILED @ chrome-extension://invalid/:0
[  141723ms] [ERROR] Failed to load resource: net::ERR_FAILED @ chrome-extension://invalid/:0
[  141832ms] [ERROR] Failed to load resource: net::ERR_FAILED @ chrome-extension://invalid/:0
[  141934ms] [ERROR] Failed to load resource: net::ERR_FAILED @ chrome-extension://invalid/:0
[  142041ms] [ERROR] Failed to load resource: net::ERR_FAILED @ chrome-extension://invalid/:0
[  142143ms] [ERROR] Failed to load resource: net::ERR_FAILED @ chrome-extension://invalid/:0
[  142253ms] [ERROR] Failed to load resource: net::ERR_FAILED @ chrome-extension://invalid/:0
[  142355ms] [ERROR] Failed to load resource: net::ERR_FAILED @ chrome-extension://invalid/:0
[  142462ms] [ERROR] Failed to load resource: net::ERR_FAILED @ chrome-extension://invalid/:0
[  142563ms] [ERROR] Failed to load resource: net::ERR_FAILED @ chrome-extension://invalid/:0
[  142672ms] [ERROR] Failed to load resource: net::ERR_FAILED @ chrome-extension://invalid/:0
[  142773ms] [ERROR] Failed to load resource: net::ERR_FAILED @ chrome-extension://invalid/:0
[  142881ms] [ERROR] Failed to load resource: net::ERR_FAILED @ chrome-extension://invalid/:0
[  142983ms] [ERROR] Failed to load resource: net::ERR_FAILED @ chrome-extension://invalid/:0
[  143092ms] [ERROR] Failed to load resource: net::ERR_FAILED @ chrome-extension://invalid/:0
[  143193ms] [ERROR] Failed to load resource: net::ERR_FAILED @ chrome-extension://invalid/:0
[  143301ms] [ERROR] Failed to load resource: net::ERR_FAILED @ chrome-extension://invalid/:0
[  143403ms] [ERROR] Failed to load resource: net::ERR_FAILED @ chrome-extension://invalid/:0
[  143512ms] [ERROR] Failed to load resource: net::ERR_FAILED @ chrome-extension://invalid/:0
[  143613ms] [ERROR] Failed to load resource: net::ERR_FAILED @ chrome-extension://invalid/:0
[  143721ms] [ERROR] Failed to load resource: net::ERR_FAILED @ chrome-extension://invalid/:0
[  143822ms] [ERROR] Failed to load resource: net::ERR_FAILED @ chrome-extension://invalid/:0
[  143932ms] [ERROR] Failed to load resource: net::ERR_FAILED @ chrome-extension://invalid/:0
[  144035ms] [ERROR] Failed to load resource: net::ERR_FAILED @ chrome-extension://invalid/:0
[  144141ms] [ERROR] Failed to load resource: net::ERR_FAILED @ chrome-extension://invalid/:0
[  144244ms] [ERROR] Failed to load resource: net::ERR_FAILED @ chrome-extension://invalid/:0
[  144352ms] [ERROR] Failed to load resource: net::ERR_FAILED @ chrome-extension://invalid/:0
[  144453ms] [ERROR] Failed to load resource: net::ERR_FAILED @ chrome-extension://invalid/:0
[  144562ms] [ERROR] Failed to load resource: net::ERR_FAILED @ chrome-extension://invalid/:0
[  144664ms] [ERROR] Failed to load resource: net::ERR_FAILED @ chrome-extension://invalid/:0
[  144772ms] [ERROR] Failed to load resource: net::ERR_FAILED @ chrome-extension://invalid/:0
[  144873ms] [ERROR] Failed to load resource: net::ERR_FAILED @ chrome-extension://invalid/:0
[  144981ms] [ERROR] Failed to load resource: net::ERR_FAILED @ chrome-extension://invalid/:0
[  145082ms] [ERROR] Failed to load resource: net::ERR_FAILED @ chrome-extension://invalid/:0
[  145192ms] [ERROR] Failed to load resource: net::ERR_FAILED @ chrome-extension://invalid/:0
[  145294ms] [ERROR] Failed to load resource: net::ERR_FAILED @ chrome-extension://invalid/:0
[  145402ms] [ERROR] Failed to load resource: net::ERR_FAILED @ chrome-extension://invalid/:0
[  145503ms] [ERROR] Failed to load resource: net::ERR_FAILED @ chrome-extension://invalid/:0
[  145612ms] [ERROR] Failed to load resource: net::ERR_FAILED @ chrome-extension://invalid/:0
[  145714ms] [ERROR] Failed to load resource: net::ERR_FAILED @ chrome-extension://invalid/:0
[  145822ms] [ERROR] Failed to load resource: net::ERR_FAILED @ chrome-extension://invalid/:0
[  145923ms] [ERROR] Failed to load resource: net::ERR_FAILED @ chrome-extension://invalid/:0
[  146032ms] [ERROR] Failed to load resource: net::ERR_FAILED @ chrome-extension://invalid/:0
[  146133ms] [ERROR] Failed to load resource: net::ERR_FAILED @ chrome-extension://invalid/:0
[  146242ms] [ERROR] Failed to load resource: net::ERR_FAILED @ chrome-extension://invalid/:0
[  146344ms] [ERROR] Failed to load resource: net::ERR_FAILED @ chrome-extension://invalid/:0
[  146452ms] [ERROR] Failed to load resource: net::ERR_FAILED @ chrome-extension://invalid/:0
[  146553ms] [ERROR] Failed to load resource: net::ERR_FAILED @ chrome-extension://invalid/:0
[  146662ms] [ERROR] Failed to load resource: net::ERR_FAILED @ chrome-extension://invalid/:0
[  146763ms] [ERROR] Failed to load resource: net::ERR_FAILED @ chrome-extension://invalid/:0
[  146872ms] [ERROR] Failed to load resource: net::ERR_FAILED @ chrome-extension://invalid/:0
[  146973ms] [ERROR] Failed to load resource: net::ERR_FAILED @ chrome-extension://invalid/:0
[  147082ms] [ERROR] Failed to load resource: net::ERR_FAILED @ chrome-extension://invalid/:0
[  147184ms] [ERROR] Failed to load resource: net::ERR_FAILED @ chrome-extension://invalid/:0
[  147292ms] [ERROR] Failed to load resource: net::ERR_FAILED @ chrome-extension://invalid/:0
[  147393ms] [ERROR] Failed to load resource: net::ERR_FAILED @ chrome-extension://invalid/:0
[  147501ms] [ERROR] Failed to load resource: net::ERR_FAILED @ chrome-extension://invalid/:0
[  147603ms] [ERROR] Failed to load resource: net::ERR_FAILED @ chrome-extension://invalid/:0
[  147712ms] [ERROR] Failed to load resource: net::ERR_FAILED @ chrome-extension://invalid/:0
[  147813ms] [ERROR] Failed to load resource: net::ERR_FAILED @ chrome-extension://invalid/:0
[  147921ms] [ERROR] Failed to load resource: net::ERR_FAILED @ chrome-extension://invalid/:0
[  148022ms] [ERROR] Failed to load resource: net::ERR_FAILED @ chrome-extension://invalid/:0
[  148134ms] [ERROR] Failed to load resource: net::ERR_FAILED @ chrome-extension://invalid/:0
[  148236ms] [ERROR] Failed to load resource: net::ERR_FAILED @ chrome-extension://invalid/:0
[  148341ms] [ERROR] Failed to load resource: net::ERR_FAILED @ chrome-extension://invalid/:0
[  148444ms] [ERROR] Failed to load resource: net::ERR_FAILED @ chrome-extension://invalid/:0
[  148552ms] [ERROR] Failed to load resource: net::ERR_FAILED @ chrome-extension://invalid/:0
[  148653ms] [ERROR] Failed to load resource: net::ERR_FAILED @ chrome-extension://invalid/:0
[  148762ms] [ERROR] Failed to load resource: net::ERR_FAILED @ chrome-extension://invalid/:0
[  148863ms] [ERROR] Failed to load resource: net::ERR_FAILED @ chrome-extension://invalid/:0
[  148971ms] [ERROR] Failed to load resource: net::ERR_FAILED @ chrome-extension://invalid/:0
[  149073ms] [ERROR] Failed to load resource: net::ERR_FAILED @ chrome-extension://invalid/:0
[  149181ms] [ERROR] Failed to load resource: net::ERR_FAILED @ chrome-extension://invalid/:0
[  149284ms] [ERROR] Failed to load resource: net::ERR_FAILED @ chrome-extension://invalid/:0
[  149392ms] [ERROR] Failed to load resource: net::ERR_FAILED @ chrome-extension://invalid/:0
[  149493ms] [ERROR] Failed to load resource: net::ERR_FAILED @ chrome-extension://invalid/:0
[  149602ms] [ERROR] Failed to load resource: net::ERR_FAILED @ chrome-extension://invalid/:0
[  149704ms] [ERROR] Failed to load resource: net::ERR_FAILED @ chrome-extension://invalid/:0
[  149812ms] [ERROR] Failed to load resource: net::ERR_FAILED @ chrome-extension://invalid/:0
[  149913ms] [ERROR] Failed to load resource: net::ERR_FAILED @ chrome-extension://invalid/:0
[  150021ms] [ERROR] Failed to load resource: net::ERR_FAILED @ chrome-extension://invalid/:0
[  150124ms] [ERROR] Failed to load resource: net::ERR_FAILED @ chrome-extension://invalid/:0
[  150232ms] [ERROR] Failed to load resource: net::ERR_FAILED @ chrome-extension://invalid/:0
[  150334ms] [ERROR] Failed to load resource: net::ERR_FAILED @ chrome-extension://invalid/:0
[  150442ms] [ERROR] Failed to load resource: net::ERR_FAILED @ chrome-extension://invalid/:0
[  150544ms] [ERROR] Failed to load resource: net::ERR_FAILED @ chrome-extension://invalid/:0
[  150652ms] [ERROR] Failed to load resource: net::ERR_FAILED @ chrome-extension://invalid/:0
[  150753ms] [ERROR] Failed to load resource: net::ERR_FAILED @ chrome-extension://invalid/:0
[  150862ms] [ERROR] Failed to load resource: net::ERR_FAILED @ chrome-extension://invalid/:0
[  150964ms] [ERROR] Failed to load resource: net::ERR_FAILED @ chrome-extension://invalid/:0
[  151072ms] [ERROR] Failed to load resource: net::ERR_FAILED @ chrome-extension://invalid/:0
[  151173ms] [ERROR] Failed to load resource: net::ERR_FAILED @ chrome-extension://invalid/:0
[  151281ms] [ERROR] Failed to load resource: net::ERR_FAILED @ chrome-extension://invalid/:0
[  151383ms] [ERROR] Failed to load resource: net::ERR_FAILED @ chrome-extension://invalid/:0
[  151492ms] [ERROR] Failed to load resource: net::ERR_FAILED @ chrome-extension://invalid/:0
[  151593ms] [ERROR] Failed to load resource: net::ERR_FAILED @ chrome-extension://invalid/:0
[  151702ms] [ERROR] Failed to load resource: net::ERR_FAILED @ chrome-extension://invalid/:0
[  151803ms] [ERROR] Failed to load resource: net::ERR_FAILED @ chrome-extension://invalid/:0
[  151912ms] [ERROR] Failed to load resource: net::ERR_FAILED @ chrome-extension://invalid/:0
[  152016ms] [ERROR] Failed to load resource: net::ERR_FAILED @ chrome-extension://invalid/:0
[  152122ms] [ERROR] Failed to load resource: net::ERR_FAILED @ chrome-extension://invalid/:0
[  152224ms] [ERROR] Failed to load resource: net::ERR_FAILED @ chrome-extension://invalid/:0
[  152332ms] [ERROR] Failed to load resource: net::ERR_FAILED @ chrome-extension://invalid/:0
[  152433ms] [ERROR] Failed to load resource: net::ERR_FAILED @ chrome-extension://invalid/:0
[  152541ms] [ERROR] Failed to load resource: net::ERR_FAILED @ chrome-extension://invalid/:0
[  152643ms] [ERROR] Failed to load resource: net::ERR_FAILED @ chrome-extension://invalid/:0
[  152752ms] [ERROR] Failed to load resource: net::ERR_FAILED @ chrome-extension://invalid/:0
[  152853ms] [ERROR] Failed to load resource: net::ERR_FAILED @ chrome-extension://invalid/:0
[  152961ms] [ERROR] Failed to load resource: net::ERR_FAILED @ chrome-extension://invalid/:0
[  153062ms] [ERROR] Failed to load resource: net::ERR_FAILED @ chrome-extension://invalid/:0
[  153172ms] [ERROR] Failed to load resource: net::ERR_FAILED @ chrome-extension://invalid/:0
[  153273ms] [ERROR] Failed to load resource: net::ERR_FAILED @ chrome-extension://invalid/:0
[  153382ms] [ERROR] Failed to load resource: net::ERR_FAILED @ chrome-extension://invalid/:0
[  153483ms] [ERROR] Failed to load resource: net::ERR_FAILED @ chrome-extension://invalid/:0
[  153592ms] [ERROR] Failed to load resource: net::ERR_FAILED @ chrome-extension://invalid/:0
[  153693ms] [ERROR] Failed to load resource: net::ERR_FAILED @ chrome-extension://invalid/:0
[  153802ms] [ERROR] Failed to load resource: net::ERR_FAILED @ chrome-extension://invalid/:0
[  153903ms] [ERROR] Failed to load resource: net::ERR_FAILED @ chrome-extension://invalid/:0
[  154012ms] [ERROR] Failed to load resource: net::ERR_FAILED @ chrome-extension://invalid/:0
[  154114ms] [ERROR] Failed to load resource: net::ERR_FAILED @ chrome-extension://invalid/:0
[  154222ms] [ERROR] Failed to load resource: net::ERR_FAILED @ chrome-extension://invalid/:0
[  154324ms] [ERROR] Failed to load resource: net::ERR_FAILED @ chrome-extension://invalid/:0
[  154431ms] [ERROR] Failed to load resource: net::ERR_FAILED @ chrome-extension://invalid/:0
[  154533ms] [ERROR] Failed to load resource: net::ERR_FAILED @ chrome-extension://invalid/:0
[  154642ms] [ERROR] Failed to load resource: net::ERR_FAILED @ chrome-extension://invalid/:0
[  154743ms] [ERROR] Failed to load resource: net::ERR_FAILED @ chrome-extension://invalid/:0
[  154862ms] [ERROR] Failed to load resource: net::ERR_FAILED @ chrome-extension://invalid/:0
[  154975ms] [ERROR] Failed to load resource: net::ERR_FAILED @ chrome-extension://invalid/:0
[  155076ms] [ERROR] Failed to load resource: net::ERR_FAILED @ chrome-extension://invalid/:0
[  155182ms] [ERROR] Failed to load resource: net::ERR_FAILED @ chrome-extension://invalid/:0
[  155284ms] [ERROR] Failed to load resource: net::ERR_FAILED @ chrome-extension://invalid/:0
[  155392ms] [ERROR] Failed to load resource: net::ERR_FAILED @ chrome-extension://invalid/:0
[  155494ms] [ERROR] Failed to load resource: net::ERR_FAILED @ chrome-extension://invalid/:0
[  155602ms] [ERROR] Failed to load resource: net::ERR_FAILED @ chrome-extension://invalid/:0
[  155705ms] [ERROR] Failed to load resource: net::ERR_FAILED @ chrome-extension://invalid/:0
[  155812ms] [ERROR] Failed to load resource: net::ERR_FAILED @ chrome-extension://invalid/:0
[  155913ms] [ERROR] Failed to load resource: net::ERR_FAILED @ chrome-extension://invalid/:0
[  156021ms] [ERROR] Failed to load resource: net::ERR_FAILED @ chrome-extension://invalid/:0
[  156124ms] [ERROR] Failed to load resource: net::ERR_FAILED @ chrome-extension://invalid/:0
[  156232ms] [ERROR] Failed to load resource: net::ERR_FAILED @ chrome-extension://invalid/:0
[  156333ms] [ERROR] Failed to load resource: net::ERR_FAILED @ chrome-extension://invalid/:0
[  156442ms] [ERROR] Failed to load resource: net::ERR_FAILED @ chrome-extension://invalid/:0
[  156544ms] [ERROR] Failed to load resource: net::ERR_FAILED @ chrome-extension://invalid/:0
[  156653ms] [ERROR] Failed to load resource: net::ERR_FAILED @ chrome-extension://invalid/:0
[  156755ms] [ERROR] Failed to load resource: net::ERR_FAILED @ chrome-extension://invalid/:0
[  156862ms] [ERROR] Failed to load resource: net::ERR_FAILED @ chrome-extension://invalid/:0
[  156963ms] [ERROR] Failed to load resource: net::ERR_FAILED @ chrome-extension://invalid/:0
[  157072ms] [ERROR] Failed to load resource: net::ERR_FAILED @ chrome-extension://invalid/:0
[  157173ms] [ERROR] Failed to load resource: net::ERR_FAILED @ chrome-extension://invalid/:0
[  157281ms] [ERROR] Failed to load resource: net::ERR_FAILED @ chrome-extension://invalid/:0
[  157383ms] [ERROR] Failed to load resource: net::ERR_FAILED @ chrome-extension://invalid/:0
[  157492ms] [ERROR] Failed to load resource: net::ERR_FAILED @ chrome-extension://invalid/:0
[  157593ms] [ERROR] Failed to load resource: net::ERR_FAILED @ chrome-extension://invalid/:0
[  157701ms] [ERROR] Failed to load resource: net::ERR_FAILED @ chrome-extension://invalid/:0
[  157803ms] [ERROR] Failed to load resource: net::ERR_FAILED @ chrome-extension://invalid/:0
[  157912ms] [ERROR] Failed to load resource: net::ERR_FAILED @ chrome-extension://invalid/:0
[  158013ms] [ERROR] Failed to load resource: net::ERR_FAILED @ chrome-extension://invalid/:0
[  158121ms] [ERROR] Failed to load resource: net::ERR_FAILED @ chrome-extension://invalid/:0
[  158223ms] [ERROR] Failed to load resource: net::ERR_FAILED @ chrome-extension://invalid/:0
[  158332ms] [ERROR] Failed to load resource: net::ERR_FAILED @ chrome-extension://invalid/:0
[  158433ms] [ERROR] Failed to load resource: net::ERR_FAILED @ chrome-extension://invalid/:0
[  158541ms] [ERROR] Failed to load resource: net::ERR_FAILED @ chrome-extension://invalid/:0
[  158643ms] [ERROR] Failed to load resource: net::ERR_FAILED @ chrome-extension://invalid/:0
[  158752ms] [ERROR] Failed to load resource: net::ERR_FAILED @ chrome-extension://invalid/:0
[  158853ms] [ERROR] Failed to load resource: net::ERR_FAILED @ chrome-extension://invalid/:0
[  158961ms] [ERROR] Failed to load resource: net::ERR_FAILED @ chrome-extension://invalid/:0
[  159063ms] [ERROR] Failed to load resource: net::ERR_FAILED @ chrome-extension://invalid/:0
[  159172ms] [ERROR] Failed to load resource: net::ERR_FAILED @ chrome-extension://invalid/:0
[  159274ms] [ERROR] Failed to load resource: net::ERR_FAILED @ chrome-extension://invalid/:0
[  159381ms] [ERROR] Failed to load resource: net::ERR_FAILED @ chrome-extension://invalid/:0
[  159483ms] [ERROR] Failed to load resource: net::ERR_FAILED @ chrome-extension://invalid/:0
[  159592ms] [ERROR] Failed to load resource: net::ERR_FAILED @ chrome-extension://invalid/:0
[  159693ms] [ERROR] Failed to load resource: net::ERR_FAILED @ chrome-extension://invalid/:0
[  159802ms] [ERROR] Failed to load resource: net::ERR_FAILED @ chrome-extension://invalid/:0
[  159904ms] [ERROR] Failed to load resource: net::ERR_FAILED @ chrome-extension://invalid/:0
[  160011ms] [ERROR] Failed to load resource: net::ERR_FAILED @ chrome-extension://invalid/:0
[  160113ms] [ERROR] Failed to load resource: net::ERR_FAILED @ chrome-extension://invalid/:0
[  160222ms] [ERROR] Failed to load resource: net::ERR_FAILED @ chrome-extension://invalid/:0
[  160324ms] [ERROR] Failed to load resource: net::ERR_FAILED @ chrome-extension://invalid/:0
[  160434ms] [ERROR] Failed to load resource: net::ERR_FAILED @ chrome-extension://invalid/:0
[  160535ms] [ERROR] Failed to load resource: net::ERR_FAILED @ chrome-extension://invalid/:0
[  160642ms] [ERROR] Failed to load resource: net::ERR_FAILED @ chrome-extension://invalid/:0
[  160744ms] [ERROR] Failed to load resource: net::ERR_FAILED @ chrome-extension://invalid/:0
[  160852ms] [ERROR] Failed to load resource: net::ERR_FAILED @ chrome-extension://invalid/:0
[  160953ms] [ERROR] Failed to load resource: net::ERR_FAILED @ chrome-extension://invalid/:0
[  161062ms] [ERROR] Failed to load resource: net::ERR_FAILED @ chrome-extension://invalid/:0
[  161164ms] [ERROR] Failed to load resource: net::ERR_FAILED @ chrome-extension://invalid/:0
[  161272ms] [ERROR] Failed to load resource: net::ERR_FAILED @ chrome-extension://invalid/:0
[  161373ms] [ERROR] Failed to load resource: net::ERR_FAILED @ chrome-extension://invalid/:0
[  161481ms] [ERROR] Failed to load resource: net::ERR_FAILED @ chrome-extension://invalid/:0
[  161583ms] [ERROR] Failed to load resource: net::ERR_FAILED @ chrome-extension://invalid/:0
[  161692ms] [ERROR] Failed to load resource: net::ERR_FAILED @ chrome-extension://invalid/:0
[  161793ms] [ERROR] Failed to load resource: net::ERR_FAILED @ chrome-extension://invalid/:0
[  161901ms] [ERROR] Failed to load resource: net::ERR_FAILED @ chrome-extension://invalid/:0
[  162003ms] [ERROR] Failed to load resource: net::ERR_FAILED @ chrome-extension://invalid/:0
[  162112ms] [ERROR] Failed to load resource: net::ERR_FAILED @ chrome-extension://invalid/:0
[  162214ms] [ERROR] Failed to load resource: net::ERR_FAILED @ chrome-extension://invalid/:0
[  162322ms] [ERROR] Failed to load resource: net::ERR_FAILED @ chrome-extension://invalid/:0
[  162424ms] [ERROR] Failed to load resource: net::ERR_FAILED @ chrome-extension://invalid/:0
[  162532ms] [ERROR] Failed to load resource: net::ERR_FAILED @ chrome-extension://invalid/:0
[  162634ms] [ERROR] Failed to load resource: net::ERR_FAILED @ chrome-extension://invalid/:0
[  162741ms] [ERROR] Failed to load resource: net::ERR_FAILED @ chrome-extension://invalid/:0
[  162844ms] [ERROR] Failed to load resource: net::ERR_FAILED @ chrome-extension://invalid/:0
[  162952ms] [ERROR] Failed to load resource: net::ERR_FAILED @ chrome-extension://invalid/:0
[  163053ms] [ERROR] Failed to load resource: net::ERR_FAILED @ chrome-extension://invalid/:0
[  163164ms] [ERROR] Failed to load resource: net::ERR_FAILED @ chrome-extension://invalid/:0
[  163265ms] [ERROR] Failed to load resource: net::ERR_FAILED @ chrome-extension://invalid/:0
[  163372ms] [ERROR] Failed to load resource: net::ERR_FAILED @ chrome-extension://invalid/:0
[  163473ms] [ERROR] Failed to load resource: net::ERR_FAILED @ chrome-extension://invalid/:0
[  163581ms] [ERROR] Failed to load resource: net::ERR_FAILED @ chrome-extension://invalid/:0
[  163683ms] [ERROR] Failed to load resource: net::ERR_FAILED @ chrome-extension://invalid/:0
[  163792ms] [ERROR] Failed to load resource: net::ERR_FAILED @ chrome-extension://invalid/:0
[  163893ms] [ERROR] Failed to load resource: net::ERR_FAILED @ chrome-extension://invalid/:0
[  164001ms] [ERROR] Failed to load resource: net::ERR_FAILED @ chrome-extension://invalid/:0
[  164104ms] [ERROR] Failed to load resource: net::ERR_FAILED @ chrome-extension://invalid/:0
[  164212ms] [ERROR] Failed to load resource: net::ERR_FAILED @ chrome-extension://invalid/:0
[  164313ms] [ERROR] Failed to load resource: net::ERR_FAILED @ chrome-extension://invalid/:0
[  164421ms] [ERROR] Failed to load resource: net::ERR_FAILED @ chrome-extension://invalid/:0
[  164523ms] [ERROR] Failed to load resource: net::ERR_FAILED @ chrome-extension://invalid/:0
[  164632ms] [ERROR] Failed to load resource: net::ERR_FAILED @ chrome-extension://invalid/:0
[  164733ms] [ERROR] Failed to load resource: net::ERR_FAILED @ chrome-extension://invalid/:0
[  164841ms] [ERROR] Failed to load resource: net::ERR_FAILED @ chrome-extension://invalid/:0
[  164943ms] [ERROR] Failed to load resource: net::ERR_FAILED @ chrome-extension://invalid/:0
[  165052ms] [ERROR] Failed to load resource: net::ERR_FAILED @ chrome-extension://invalid/:0
[  165153ms] [ERROR] Failed to load resource: net::ERR_FAILED @ chrome-extension://invalid/:0
[  165262ms] [ERROR] Failed to load resource: net::ERR_FAILED @ chrome-extension://invalid/:0
[  165364ms] [ERROR] Failed to load resource: net::ERR_FAILED @ chrome-extension://invalid/:0
[  165471ms] [ERROR] Failed to load resource: net::ERR_FAILED @ chrome-extension://invalid/:0
[  165573ms] [ERROR] Failed to load resource: net::ERR_FAILED @ chrome-extension://invalid/:0
[  165682ms] [ERROR] Failed to load resource: net::ERR_FAILED @ chrome-extension://invalid/:0
[  165785ms] [ERROR] Failed to load resource: net::ERR_FAILED @ chrome-extension://invalid/:0
[  165892ms] [ERROR] Failed to load resource: net::ERR_FAILED @ chrome-extension://invalid/:0
[  165993ms] [ERROR] Failed to load resource: net::ERR_FAILED @ chrome-extension://invalid/:0
[  166101ms] [ERROR] Failed to load resource: net::ERR_FAILED @ chrome-extension://invalid/:0
[  166203ms] [ERROR] Failed to load resource: net::ERR_FAILED @ chrome-extension://invalid/:0
[  166313ms] [ERROR] Failed to load resource: net::ERR_FAILED @ chrome-extension://invalid/:0
[  166414ms] [ERROR] Failed to load resource: net::ERR_FAILED @ chrome-extension://invalid/:0
[  166521ms] [ERROR] Failed to load resource: net::ERR_FAILED @ chrome-extension://invalid/:0
[  166624ms] [ERROR] Failed to load resource: net::ERR_FAILED @ chrome-extension://invalid/:0
[  166732ms] [ERROR] Failed to load resource: net::ERR_FAILED @ chrome-extension://invalid/:0
[  166834ms] [ERROR] Failed to load resource: net::ERR_FAILED @ chrome-extension://invalid/:0
[  166941ms] [ERROR] Failed to load resource: net::ERR_FAILED @ chrome-extension://invalid/:0
[  167042ms] [ERROR] Failed to load resource: net::ERR_FAILED @ chrome-extension://invalid/:0
[  167152ms] [ERROR] Failed to load resource: net::ERR_FAILED @ chrome-extension://invalid/:0
[  167253ms] [ERROR] Failed to load resource: net::ERR_FAILED @ chrome-extension://invalid/:0
[  167361ms] [ERROR] Failed to load resource: net::ERR_FAILED @ chrome-extension://invalid/:0
[  167464ms] [ERROR] Failed to load resource: net::ERR_FAILED @ chrome-extension://invalid/:0
[  167572ms] [ERROR] Failed to load resource: net::ERR_FAILED @ chrome-extension://invalid/:0
[  167674ms] [ERROR] Failed to load resource: net::ERR_FAILED @ chrome-extension://invalid/:0
[  167781ms] [ERROR] Failed to load resource: net::ERR_FAILED @ chrome-extension://invalid/:0
[  167884ms] [ERROR] Failed to load resource: net::ERR_FAILED @ chrome-extension://invalid/:0
[  167992ms] [ERROR] Failed to load resource: net::ERR_FAILED @ chrome-extension://invalid/:0
[  168094ms] [ERROR] Failed to load resource: net::ERR_FAILED @ chrome-extension://invalid/:0
[  168201ms] [ERROR] Failed to load resource: net::ERR_FAILED @ chrome-extension://invalid/:0
[  168303ms] [ERROR] Failed to load resource: net::ERR_FAILED @ chrome-extension://invalid/:0
[  168412ms] [ERROR] Failed to load resource: net::ERR_FAILED @ chrome-extension://invalid/:0
[  168513ms] [ERROR] Failed to load resource: net::ERR_FAILED @ chrome-extension://invalid/:0
[  168621ms] [ERROR] Failed to load resource: net::ERR_FAILED @ chrome-extension://invalid/:0
[  168724ms] [ERROR] Failed to load resource: net::ERR_FAILED @ chrome-extension://invalid/:0
[  168832ms] [ERROR] Failed to load resource: net::ERR_FAILED @ chrome-extension://invalid/:0
[  168933ms] [ERROR] Failed to load resource: net::ERR_FAILED @ chrome-extension://invalid/:0
[  169041ms] [ERROR] Failed to load resource: net::ERR_FAILED @ chrome-extension://invalid/:0
[  169143ms] [ERROR] Failed to load resource: net::ERR_FAILED @ chrome-extension://invalid/:0
[  169252ms] [ERROR] Failed to load resource: net::ERR_FAILED @ chrome-extension://invalid/:0
[  169353ms] [ERROR] Failed to load resource: net::ERR_FAILED @ chrome-extension://invalid/:0
[  169461ms] [ERROR] Failed to load resource: net::ERR_FAILED @ chrome-extension://invalid/:0
[  169564ms] [ERROR] Failed to load resource: net::ERR_FAILED @ chrome-extension://invalid/:0
[  169672ms] [ERROR] Failed to load resource: net::ERR_FAILED @ chrome-extension://invalid/:0
[  169773ms] [ERROR] Failed to load resource: net::ERR_FAILED @ chrome-extension://invalid/:0
[  169883ms] [ERROR] Failed to load resource: net::ERR_FAILED @ chrome-extension://invalid/:0
[  169985ms] [ERROR] Failed to load resource: net::ERR_FAILED @ chrome-extension://invalid/:0
[  170092ms] [ERROR] Failed to load resource: net::ERR_FAILED @ chrome-extension://invalid/:0
[  170193ms] [ERROR] Failed to load resource: net::ERR_FAILED @ chrome-extension://invalid/:0
[  170302ms] [ERROR] Failed to load resource: net::ERR_FAILED @ chrome-extension://invalid/:0
[  170404ms] [ERROR] Failed to load resource: net::ERR_FAILED @ chrome-extension://invalid/:0
[  170512ms] [ERROR] Failed to load resource: net::ERR_FAILED @ chrome-extension://invalid/:0
[  170613ms] [ERROR] Failed to load resource: net::ERR_FAILED @ chrome-extension://invalid/:0
[  170722ms] [ERROR] Failed to load resource: net::ERR_FAILED @ chrome-extension://invalid/:0
[  170823ms] [ERROR] Failed to load resource: net::ERR_FAILED @ chrome-extension://invalid/:0
[  170933ms] [ERROR] Failed to load resource: net::ERR_FAILED @ chrome-extension://invalid/:0
[  171036ms] [ERROR] Failed to load resource: net::ERR_FAILED @ chrome-extension://invalid/:0
[  171141ms] [ERROR] Failed to load resource: net::ERR_FAILED @ chrome-extension://invalid/:0
[  171243ms] [ERROR] Failed to load resource: net::ERR_FAILED @ chrome-extension://invalid/:0
[  171352ms] [ERROR] Failed to load resource: net::ERR_FAILED @ chrome-extension://invalid/:0
[  171453ms] [ERROR] Failed to load resource: net::ERR_FAILED @ chrome-extension://invalid/:0
[  171561ms] [ERROR] Failed to load resource: net::ERR_FAILED @ chrome-extension://invalid/:0
[  171663ms] [ERROR] Failed to load resource: net::ERR_FAILED @ chrome-extension://invalid/:0
[  171772ms] [ERROR] Failed to load resource: net::ERR_FAILED @ chrome-extension://invalid/:0
[  171874ms] [ERROR] Failed to load resource: net::ERR_FAILED @ chrome-extension://invalid/:0
[  171982ms] [ERROR] Failed to load resource: net::ERR_FAILED @ chrome-extension://invalid/:0
[  172083ms] [ERROR] Failed to load resource: net::ERR_FAILED @ chrome-extension://invalid/:0
[  172192ms] [ERROR] Failed to load resource: net::ERR_FAILED @ chrome-extension://invalid/:0
[  172295ms] [ERROR] Failed to load resource: net::ERR_FAILED @ chrome-extension://invalid/:0
[  172401ms] [ERROR] Failed to load resource: net::ERR_FAILED @ chrome-extension://invalid/:0
[  172503ms] [ERROR] Failed to load resource: net::ERR_FAILED @ chrome-extension://invalid/:0
[  172612ms] [ERROR] Failed to load resource: net::ERR_FAILED @ chrome-extension://invalid/:0
[  172713ms] [ERROR] Failed to load resource: net::ERR_FAILED @ chrome-extension://invalid/:0
[  172821ms] [ERROR] Failed to load resource: net::ERR_FAILED @ chrome-extension://invalid/:0
[  172923ms] [ERROR] Failed to load resource: net::ERR_FAILED @ chrome-extension://invalid/:0
[  173032ms] [ERROR] Failed to load resource: net::ERR_FAILED @ chrome-extension://invalid/:0
[  173133ms] [ERROR] Failed to load resource: net::ERR_FAILED @ chrome-extension://invalid/:0
[  173241ms] [ERROR] Failed to load resource: net::ERR_FAILED @ chrome-extension://invalid/:0
[  173343ms] [ERROR] Failed to load resource: net::ERR_FAILED @ chrome-extension://invalid/:0
[  173452ms] [ERROR] Failed to load resource: net::ERR_FAILED @ chrome-extension://invalid/:0
[  173557ms] [ERROR] Failed to load resource: net::ERR_FAILED @ chrome-extension://invalid/:0
[  173661ms] [ERROR] Failed to load resource: net::ERR_FAILED @ chrome-extension://invalid/:0
[  173764ms] [ERROR] Failed to load resource: net::ERR_FAILED @ chrome-extension://invalid/:0
[  173872ms] [ERROR] Failed to load resource: net::ERR_FAILED @ chrome-extension://invalid/:0
[  173973ms] [ERROR] Failed to load resource: net::ERR_FAILED @ chrome-extension://invalid/:0
[  174083ms] [ERROR] Failed to load resource: net::ERR_FAILED @ chrome-extension://invalid/:0
[  174185ms] [ERROR] Failed to load resource: net::ERR_FAILED @ chrome-extension://invalid/:0
[  174292ms] [ERROR] Failed to load resource: net::ERR_FAILED @ chrome-extension://invalid/:0
[  174393ms] [ERROR] Failed to load resource: net::ERR_FAILED @ chrome-extension://invalid/:0
[  174502ms] [ERROR] Failed to load resource: net::ERR_FAILED @ chrome-extension://invalid/:0
[  174603ms] [ERROR] Failed to load resource: net::ERR_FAILED @ chrome-extension://invalid/:0
[  174712ms] [ERROR] Failed to load resource: net::ERR_FAILED @ chrome-extension://invalid/:0
[  174813ms] [ERROR] Failed to load resource: net::ERR_FAILED @ chrome-extension://invalid/:0
[  174922ms] [ERROR] Failed to load resource: net::ERR_FAILED @ chrome-extension://invalid/:0
[  175024ms] [ERROR] Failed to load resource: net::ERR_FAILED @ chrome-extension://invalid/:0
[  175133ms] [ERROR] Failed to load resource: net::ERR_FAILED @ chrome-extension://invalid/:0
[  175235ms] [ERROR] Failed to load resource: net::ERR_FAILED @ chrome-extension://invalid/:0
[  175342ms] [ERROR] Failed to load resource: net::ERR_FAILED @ chrome-extension://invalid/:0
[  175445ms] [ERROR] Failed to load resource: net::ERR_FAILED @ chrome-extension://invalid/:0
[  175552ms] [ERROR] Failed to load resource: net::ERR_FAILED @ chrome-extension://invalid/:0
[  175653ms] [ERROR] Failed to load resource: net::ERR_FAILED @ chrome-extension://invalid/:0
[  175761ms] [ERROR] Failed to load resource: net::ERR_FAILED @ chrome-extension://invalid/:0
[  175864ms] [ERROR] Failed to load resource: net::ERR_FAILED @ chrome-extension://invalid/:0
[  175972ms] [ERROR] Failed to load resource: net::ERR_FAILED @ chrome-extension://invalid/:0
[  176073ms] [ERROR] Failed to load resource: net::ERR_FAILED @ chrome-extension://invalid/:0
[  176181ms] [ERROR] Failed to load resource: net::ERR_FAILED @ chrome-extension://invalid/:0
[  176284ms] [ERROR] Failed to load resource: net::ERR_FAILED @ chrome-extension://invalid/:0
[  176392ms] [ERROR] Failed to load resource: net::ERR_FAILED @ chrome-extension://invalid/:0
[  176495ms] [ERROR] Failed to load resource: net::ERR_FAILED @ chrome-extension://invalid/:0
[  176601ms] [ERROR] Failed to load resource: net::ERR_FAILED @ chrome-extension://invalid/:0
[  176702ms] [ERROR] Failed to load resource: net::ERR_FAILED @ chrome-extension://invalid/:0
[  176812ms] [ERROR] Failed to load resource: net::ERR_FAILED @ chrome-extension://invalid/:0
[  176913ms] [ERROR] Failed to load resource: net::ERR_FAILED @ chrome-extension://invalid/:0
[  177022ms] [ERROR] Failed to load resource: net::ERR_FAILED @ chrome-extension://invalid/:0
[  177124ms] [ERROR] Failed to load resource: net::ERR_FAILED @ chrome-extension://invalid/:0
[  177232ms] [ERROR] Failed to load resource: net::ERR_FAILED @ chrome-extension://invalid/:0
[  177333ms] [ERROR] Failed to load resource: net::ERR_FAILED @ chrome-extension://invalid/:0
[  177442ms] [ERROR] Failed to load resource: net::ERR_FAILED @ chrome-extension://invalid/:0
[  177544ms] [ERROR] Failed to load resource: net::ERR_FAILED @ chrome-extension://invalid/:0
[  177652ms] [ERROR] Failed to load resource: net::ERR_FAILED @ chrome-extension://invalid/:0
[  177753ms] [ERROR] Failed to load resource: net::ERR_FAILED @ chrome-extension://invalid/:0
[  177862ms] [ERROR] Failed to load resource: net::ERR_FAILED @ chrome-extension://invalid/:0
[  177964ms] [ERROR] Failed to load resource: net::ERR_FAILED @ chrome-extension://invalid/:0
[  178072ms] [ERROR] Failed to load resource: net::ERR_FAILED @ chrome-extension://invalid/:0
[  178173ms] [ERROR] Failed to load resource: net::ERR_FAILED @ chrome-extension://invalid/:0
[  178281ms] [ERROR] Failed to load resource: net::ERR_FAILED @ chrome-extension://invalid/:0
[  178385ms] [ERROR] Failed to load resource: net::ERR_FAILED @ chrome-extension://invalid/:0
[  178493ms] [ERROR] Failed to load resource: net::ERR_FAILED @ chrome-extension://invalid/:0
[  178596ms] [ERROR] Failed to load resource: net::ERR_FAILED @ chrome-extension://invalid/:0
[  178701ms] [ERROR] Failed to load resource: net::ERR_FAILED @ chrome-extension://invalid/:0
[  178802ms] [ERROR] Failed to load resource: net::ERR_FAILED @ chrome-extension://invalid/:0
[  178912ms] [ERROR] Failed to load resource: net::ERR_FAILED @ chrome-extension://invalid/:0
[  179013ms] [ERROR] Failed to load resource: net::ERR_FAILED @ chrome-extension://invalid/:0
[  179121ms] [ERROR] Failed to load resource: net::ERR_FAILED @ chrome-extension://invalid/:0
[  179223ms] [ERROR] Failed to load resource: net::ERR_FAILED @ chrome-extension://invalid/:0
[  179333ms] [ERROR] Failed to load resource: net::ERR_FAILED @ chrome-extension://invalid/:0
[  179435ms] [ERROR] Failed to load resource: net::ERR_FAILED @ chrome-extension://invalid/:0
[  179542ms] [ERROR] Failed to load resource: net::ERR_FAILED @ chrome-extension://invalid/:0
[  179644ms] [ERROR] Failed to load resource: net::ERR_FAILED @ chrome-extension://invalid/:0
[  179752ms] [ERROR] Failed to load resource: net::ERR_FAILED @ chrome-extension://invalid/:0
[  179853ms] [ERROR] Failed to load resource: net::ERR_FAILED @ chrome-extension://invalid/:0
[  179961ms] [ERROR] Failed to load resource: net::ERR_FAILED @ chrome-extension://invalid/:0
[  180063ms] [ERROR] Failed to load resource: net::ERR_FAILED @ chrome-extension://invalid/:0
[  180172ms] [ERROR] Failed to load resource: net::ERR_FAILED @ chrome-extension://invalid/:0
[  180273ms] [ERROR] Failed to load resource: net::ERR_FAILED @ chrome-extension://invalid/:0
[  180381ms] [ERROR] Failed to load resource: net::ERR_FAILED @ chrome-extension://invalid/:0
[  180484ms] [ERROR] Failed to load resource: net::ERR_FAILED @ chrome-extension://invalid/:0
[  180592ms] [ERROR] Failed to load resource: net::ERR_FAILED @ chrome-extension://invalid/:0
[  180693ms] [ERROR] Failed to load resource: net::ERR_FAILED @ chrome-extension://invalid/:0
[  180801ms] [ERROR] Failed to load resource: net::ERR_FAILED @ chrome-extension://invalid/:0
[  180902ms] [ERROR] Failed to load resource: net::ERR_FAILED @ chrome-extension://invalid/:0
[  181012ms] [ERROR] Failed to load resource: net::ERR_FAILED @ chrome-extension://invalid/:0
[  181113ms] [ERROR] Failed to load resource: net::ERR_FAILED @ chrome-extension://invalid/:0
[  181222ms] [ERROR] Failed to load resource: net::ERR_FAILED @ chrome-extension://invalid/:0
[  181324ms] [ERROR] Failed to load resource: net::ERR_FAILED @ chrome-extension://invalid/:0
[  181433ms] [ERROR] Failed to load resource: net::ERR_FAILED @ chrome-extension://invalid/:0
[  181536ms] [ERROR] Failed to load resource: net::ERR_FAILED @ chrome-extension://invalid/:0
[  181641ms] [ERROR] Failed to load resource: net::ERR_FAILED @ chrome-extension://invalid/:0
[  181744ms] [ERROR] Failed to load resource: net::ERR_FAILED @ chrome-extension://invalid/:0
[  181852ms] [ERROR] Failed to load resource: net::ERR_FAILED @ chrome-extension://invalid/:0
[  181953ms] [ERROR] Failed to load resource: net::ERR_FAILED @ chrome-extension://invalid/:0
[  182062ms] [ERROR] Failed to load resource: net::ERR_FAILED @ chrome-extension://invalid/:0
[  182164ms] [ERROR] Failed to load resource: net::ERR_FAILED @ chrome-extension://invalid/:0
[  182272ms] [ERROR] Failed to load resource: net::ERR_FAILED @ chrome-extension://invalid/:0
[  182373ms] [ERROR] Failed to load resource: net::ERR_FAILED @ chrome-extension://invalid/:0
[  182481ms] [ERROR] Failed to load resource: net::ERR_FAILED @ chrome-extension://invalid/:0
[  182583ms] [ERROR] Failed to load resource: net::ERR_FAILED @ chrome-extension://invalid/:0
[  182692ms] [ERROR] Failed to load resource: net::ERR_FAILED @ chrome-extension://invalid/:0
[  182794ms] [ERROR] Failed to load resource: net::ERR_FAILED @ chrome-extension://invalid/:0
[  182901ms] [ERROR] Failed to load resource: net::ERR_FAILED @ chrome-extension://invalid/:0
[  183003ms] [ERROR] Failed to load resource: net::ERR_FAILED @ chrome-extension://invalid/:0
[  183112ms] [ERROR] Failed to load resource: net::ERR_FAILED @ chrome-extension://invalid/:0
[  183213ms] [ERROR] Failed to load resource: net::ERR_FAILED @ chrome-extension://invalid/:0
[  183321ms] [ERROR] Failed to load resource: net::ERR_FAILED @ chrome-extension://invalid/:0
[  183423ms] [ERROR] Failed to load resource: net::ERR_FAILED @ chrome-extension://invalid/:0
[  183534ms] [ERROR] Failed to load resource: net::ERR_FAILED @ chrome-extension://invalid/:0
[  183637ms] [ERROR] Failed to load resource: net::ERR_FAILED @ chrome-extension://invalid/:0
[  183741ms] [ERROR] Failed to load resource: net::ERR_FAILED @ chrome-extension://invalid/:0
[  183842ms] [ERROR] Failed to load resource: net::ERR_FAILED @ chrome-extension://invalid/:0
[  183951ms] [ERROR] Failed to load resource: net::ERR_FAILED @ chrome-extension://invalid/:0
[  184053ms] [ERROR] Failed to load resource: net::ERR_FAILED @ chrome-extension://invalid/:0
[  184162ms] [ERROR] Failed to load resource: net::ERR_FAILED @ chrome-extension://invalid/:0
[  184263ms] [ERROR] Failed to load resource: net::ERR_FAILED @ chrome-extension://invalid/:0
[  184372ms] [ERROR] Failed to load resource: net::ERR_FAILED @ chrome-extension://invalid/:0
[  184473ms] [ERROR] Failed to load resource: net::ERR_FAILED @ chrome-extension://invalid/:0
[  184581ms] [ERROR] Failed to load resource: net::ERR_FAILED @ chrome-extension://invalid/:0
[  184683ms] [ERROR] Failed to load resource: net::ERR_FAILED @ chrome-extension://invalid/:0
[  184792ms] [ERROR] Failed to load resource: net::ERR_FAILED @ chrome-extension://invalid/:0
[  184894ms] [ERROR] Failed to load resource: net::ERR_FAILED @ chrome-extension://invalid/:0
[  185001ms] [ERROR] Failed to load resource: net::ERR_FAILED @ chrome-extension://invalid/:0
[  185103ms] [ERROR] Failed to load resource: net::ERR_FAILED @ chrome-extension://invalid/:0
[  185212ms] [ERROR] Failed to load resource: net::ERR_FAILED @ chrome-extension://invalid/:0
[  185314ms] [ERROR] Failed to load resource: net::ERR_FAILED @ chrome-extension://invalid/:0
[  185421ms] [ERROR] Failed to load resource: net::ERR_FAILED @ chrome-extension://invalid/:0
[  185523ms] [ERROR] Failed to load resource: net::ERR_FAILED @ chrome-extension://invalid/:0
[  185633ms] [ERROR] Failed to load resource: net::ERR_FAILED @ chrome-extension://invalid/:0
[  185734ms] [ERROR] Failed to load resource: net::ERR_FAILED @ chrome-extension://invalid/:0
[  185842ms] [ERROR] Failed to load resource: net::ERR_FAILED @ chrome-extension://invalid/:0
[  185943ms] [ERROR] Failed to load resource: net::ERR_FAILED @ chrome-extension://invalid/:0
[  186052ms] [ERROR] Failed to load resource: net::ERR_FAILED @ chrome-extension://invalid/:0
[  186153ms] [ERROR] Failed to load resource: net::ERR_FAILED @ chrome-extension://invalid/:0
[  186261ms] [ERROR] Failed to load resource: net::ERR_FAILED @ chrome-extension://invalid/:0
[  186363ms] [ERROR] Failed to load resource: net::ERR_FAILED @ chrome-extension://invalid/:0
[  186472ms] [ERROR] Failed to load resource: net::ERR_FAILED @ chrome-extension://invalid/:0
[  186573ms] [ERROR] Failed to load resource: net::ERR_FAILED @ chrome-extension://invalid/:0
[  186681ms] [ERROR] Failed to load resource: net::ERR_FAILED @ chrome-extension://invalid/:0
[  186782ms] [ERROR] Failed to load resource: net::ERR_FAILED @ chrome-extension://invalid/:0
[  186892ms] [ERROR] Failed to load resource: net::ERR_FAILED @ chrome-extension://invalid/:0
[  186993ms] [ERROR] Failed to load resource: net::ERR_FAILED @ chrome-extension://invalid/:0
[  187101ms] [ERROR] Failed to load resource: net::ERR_FAILED @ chrome-extension://invalid/:0
[  187202ms] [ERROR] Failed to load resource: net::ERR_FAILED @ chrome-extension://invalid/:0
[  187312ms] [ERROR] Failed to load resource: net::ERR_FAILED @ chrome-extension://invalid/:0
[  187413ms] [ERROR] Failed to load resource: net::ERR_FAILED @ chrome-extension://invalid/:0
[  187522ms] [ERROR] Failed to load resource: net::ERR_FAILED @ chrome-extension://invalid/:0
[  187624ms] [ERROR] Failed to load resource: net::ERR_FAILED @ chrome-extension://invalid/:0
[  187732ms] [ERROR] Failed to load resource: net::ERR_FAILED @ chrome-extension://invalid/:0
[  187833ms] [ERROR] Failed to load resource: net::ERR_FAILED @ chrome-extension://invalid/:0
[  187941ms] [ERROR] Failed to load resource: net::ERR_FAILED @ chrome-extension://invalid/:0
[  188043ms] [ERROR] Failed to load resource: net::ERR_FAILED @ chrome-extension://invalid/:0
[  188152ms] [ERROR] Failed to load resource: net::ERR_FAILED @ chrome-extension://invalid/:0
[  188254ms] [ERROR] Failed to load resource: net::ERR_FAILED @ chrome-extension://invalid/:0
[  188362ms] [ERROR] Failed to load resource: net::ERR_FAILED @ chrome-extension://invalid/:0
[  188464ms] [ERROR] Failed to load resource: net::ERR_FAILED @ chrome-extension://invalid/:0
[  188572ms] [ERROR] Failed to load resource: net::ERR_FAILED @ chrome-extension://invalid/:0
[  188673ms] [ERROR] Failed to load resource: net::ERR_FAILED @ chrome-extension://invalid/:0
[  188781ms] [ERROR] Failed to load resource: net::ERR_FAILED @ chrome-extension://invalid/:0
[  188884ms] [ERROR] Failed to load resource: net::ERR_FAILED @ chrome-extension://invalid/:0
[  188992ms] [ERROR] Failed to load resource: net::ERR_FAILED @ chrome-extension://invalid/:0
[  189093ms] [ERROR] Failed to load resource: net::ERR_FAILED @ chrome-extension://invalid/:0
[  189201ms] [ERROR] Failed to load resource: net::ERR_FAILED @ chrome-extension://invalid/:0
[  189302ms] [ERROR] Failed to load resource: net::ERR_FAILED @ chrome-extension://invalid/:0
[  189412ms] [ERROR] Failed to load resource: net::ERR_FAILED @ chrome-extension://invalid/:0
[  189513ms] [ERROR] Failed to load resource: net::ERR_FAILED @ chrome-extension://invalid/:0
[  189621ms] [ERROR] Failed to load resource: net::ERR_FAILED @ chrome-extension://invalid/:0
[  189723ms] [ERROR] Failed to load resource: net::ERR_FAILED @ chrome-extension://invalid/:0
[  189833ms] [ERROR] Failed to load resource: net::ERR_FAILED @ chrome-extension://invalid/:0
[  189936ms] [ERROR] Failed to load resource: net::ERR_FAILED @ chrome-extension://invalid/:0
[  190041ms] [ERROR] Failed to load resource: net::ERR_FAILED @ chrome-extension://invalid/:0
[  190143ms] [ERROR] Failed to load resource: net::ERR_FAILED @ chrome-extension://invalid/:0
[  190251ms] [ERROR] Failed to load resource: net::ERR_FAILED @ chrome-extension://invalid/:0
[  190352ms] [ERROR] Failed to load resource: net::ERR_FAILED @ chrome-extension://invalid/:0
[  190461ms] [ERROR] Failed to load resource: net::ERR_FAILED @ chrome-extension://invalid/:0
[  190563ms] [ERROR] Failed to load resource: net::ERR_FAILED @ chrome-extension://invalid/:0
[  190671ms] [ERROR] Failed to load resource: net::ERR_FAILED @ chrome-extension://invalid/:0
[  190773ms] [ERROR] Failed to load resource: net::ERR_FAILED @ chrome-extension://invalid/:0
[  190881ms] [ERROR] Failed to load resource: net::ERR_FAILED @ chrome-extension://invalid/:0
[  190983ms] [ERROR] Failed to load resource: net::ERR_FAILED @ chrome-extension://invalid/:0
[  191092ms] [ERROR] Failed to load resource: net::ERR_FAILED @ chrome-extension://invalid/:0
[  191193ms] [ERROR] Failed to load resource: net::ERR_FAILED @ chrome-extension://invalid/:0
[  191301ms] [ERROR] Failed to load resource: net::ERR_FAILED @ chrome-extension://invalid/:0
[  191402ms] [ERROR] Failed to load resource: net::ERR_FAILED @ chrome-extension://invalid/:0
[  191512ms] [ERROR] Failed to load resource: net::ERR_FAILED @ chrome-extension://invalid/:0
[  191613ms] [ERROR] Failed to load resource: net::ERR_FAILED @ chrome-extension://invalid/:0
[  191722ms] [ERROR] Failed to load resource: net::ERR_FAILED @ chrome-extension://invalid/:0
[  191832ms] [ERROR] Failed to load resource: net::ERR_FAILED @ chrome-extension://invalid/:0
[  191935ms] [ERROR] Failed to load resource: net::ERR_FAILED @ chrome-extension://invalid/:0
[  192036ms] [ERROR] Failed to load resource: net::ERR_FAILED @ chrome-extension://invalid/:0
[  192142ms] [ERROR] Failed to load resource: net::ERR_FAILED @ chrome-extension://invalid/:0
[  192243ms] [ERROR] Failed to load resource: net::ERR_FAILED @ chrome-extension://invalid/:0
[  192352ms] [ERROR] Failed to load resource: net::ERR_FAILED @ chrome-extension://invalid/:0
[  192453ms] [ERROR] Failed to load resource: net::ERR_FAILED @ chrome-extension://invalid/:0
[  192561ms] [ERROR] Failed to load resource: net::ERR_FAILED @ chrome-extension://invalid/:0
[  192663ms] [ERROR] Failed to load resource: net::ERR_FAILED @ chrome-extension://invalid/:0
[  192771ms] [ERROR] Failed to load resource: net::ERR_FAILED @ chrome-extension://invalid/:0
[  192873ms] [ERROR] Failed to load resource: net::ERR_FAILED @ chrome-extension://invalid/:0
[  192983ms] [ERROR] Failed to load resource: net::ERR_FAILED @ chrome-extension://invalid/:0
[  193084ms] [ERROR] Failed to load resource: net::ERR_FAILED @ chrome-extension://invalid/:0
[  193192ms] [ERROR] Failed to load resource: net::ERR_FAILED @ chrome-extension://invalid/:0
[  193293ms] [ERROR] Failed to load resource: net::ERR_FAILED @ chrome-extension://invalid/:0
[  193401ms] [ERROR] Failed to load resource: net::ERR_FAILED @ chrome-extension://invalid/:0
[  193502ms] [ERROR] Failed to load resource: net::ERR_FAILED @ chrome-extension://invalid/:0
[  193612ms] [ERROR] Failed to load resource: net::ERR_FAILED @ chrome-extension://invalid/:0
[  193713ms] [ERROR] Failed to load resource: net::ERR_FAILED @ chrome-extension://invalid/:0
[  193821ms] [ERROR] Failed to load resource: net::ERR_FAILED @ chrome-extension://invalid/:0
[  193923ms] [ERROR] Failed to load resource: net::ERR_FAILED @ chrome-extension://invalid/:0
[  194033ms] [ERROR] Failed to load resource: net::ERR_FAILED @ chrome-extension://invalid/:0
[  194134ms] [ERROR] Failed to load resource: net::ERR_FAILED @ chrome-extension://invalid/:0
[  194241ms] [ERROR] Failed to load resource: net::ERR_FAILED @ chrome-extension://invalid/:0
[  194342ms] [ERROR] Failed to load resource: net::ERR_FAILED @ chrome-extension://invalid/:0
[  194452ms] [ERROR] Failed to load resource: net::ERR_FAILED @ chrome-extension://invalid/:0
[  194553ms] [ERROR] Failed to load resource: net::ERR_FAILED @ chrome-extension://invalid/:0
[  194661ms] [ERROR] Failed to load resource: net::ERR_FAILED @ chrome-extension://invalid/:0
[  194762ms] [ERROR] Failed to load resource: net::ERR_FAILED @ chrome-extension://invalid/:0
[  194871ms] [ERROR] Failed to load resource: net::ERR_FAILED @ chrome-extension://invalid/:0
[  194972ms] [ERROR] Failed to load resource: net::ERR_FAILED @ chrome-extension://invalid/:0
[  195081ms] [ERROR] Failed to load resource: net::ERR_FAILED @ chrome-extension://invalid/:0
[  195184ms] [ERROR] Failed to load resource: net::ERR_FAILED @ chrome-extension://invalid/:0
[  195291ms] [ERROR] Failed to load resource: net::ERR_FAILED @ chrome-extension://invalid/:0
[  195393ms] [ERROR] Failed to load resource: net::ERR_FAILED @ chrome-extension://invalid/:0
[  195501ms] [ERROR] Failed to load resource: net::ERR_FAILED @ chrome-extension://invalid/:0
[  195602ms] [ERROR] Failed to load resource: net::ERR_FAILED @ chrome-extension://invalid/:0
[  195711ms] [ERROR] Failed to load resource: net::ERR_FAILED @ chrome-extension://invalid/:0
[  195812ms] [ERROR] Failed to load resource: net::ERR_FAILED @ chrome-extension://invalid/:0
[  195921ms] [ERROR] Failed to load resource: net::ERR_FAILED @ chrome-extension://invalid/:0
[  196024ms] [ERROR] Failed to load resource: net::ERR_FAILED @ chrome-extension://invalid/:0
[  196133ms] [ERROR] Failed to load resource: net::ERR_FAILED @ chrome-extension://invalid/:0
[  196235ms] [ERROR] Failed to load resource: net::ERR_FAILED @ chrome-extension://invalid/:0
[  196341ms] [ERROR] Failed to load resource: net::ERR_FAILED @ chrome-extension://invalid/:0
[  196444ms] [ERROR] Failed to load resource: net::ERR_FAILED @ chrome-extension://invalid/:0
[  196552ms] [ERROR] Failed to load resource: net::ERR_FAILED @ chrome-extension://invalid/:0
[  196653ms] [ERROR] Failed to load resource: net::ERR_FAILED @ chrome-extension://invalid/:0
[  196761ms] [ERROR] Failed to load resource: net::ERR_FAILED @ chrome-extension://invalid/:0
[  196863ms] [ERROR] Failed to load resource: net::ERR_FAILED @ chrome-extension://invalid/:0
[  196973ms] [ERROR] Failed to load resource: net::ERR_FAILED @ chrome-extension://invalid/:0
[  197076ms] [ERROR] Failed to load resource: net::ERR_FAILED @ chrome-extension://invalid/:0
[  197182ms] [ERROR] Failed to load resource: net::ERR_FAILED @ chrome-extension://invalid/:0
[  197283ms] [ERROR] Failed to load resource: net::ERR_FAILED @ chrome-extension://invalid/:0
[  197392ms] [ERROR] Failed to load resource: net::ERR_FAILED @ chrome-extension://invalid/:0
[  197493ms] [ERROR] Failed to load resource: net::ERR_FAILED @ chrome-extension://invalid/:0
[  197601ms] [ERROR] Failed to load resource: net::ERR_FAILED @ chrome-extension://invalid/:0
[  197702ms] [ERROR] Failed to load resource: net::ERR_FAILED @ chrome-extension://invalid/:0
[  197812ms] [ERROR] Failed to load resource: net::ERR_FAILED @ chrome-extension://invalid/:0
[  197913ms] [ERROR] Failed to load resource: net::ERR_FAILED @ chrome-extension://invalid/:0
[  198021ms] [ERROR] Failed to load resource: net::ERR_FAILED @ chrome-extension://invalid/:0
[  198122ms] [ERROR] Failed to load resource: net::ERR_FAILED @ chrome-extension://invalid/:0
[  198232ms] [ERROR] Failed to load resource: net::ERR_FAILED @ chrome-extension://invalid/:0
[  198333ms] [ERROR] Failed to load resource: net::ERR_FAILED @ chrome-extension://invalid/:0
[  198441ms] [ERROR] Failed to load resource: net::ERR_FAILED @ chrome-extension://invalid/:0
[  198544ms] [ERROR] Failed to load resource: net::ERR_FAILED @ chrome-extension://invalid/:0
[  198652ms] [ERROR] Failed to load resource: net::ERR_FAILED @ chrome-extension://invalid/:0
[  198753ms] [ERROR] Failed to load resource: net::ERR_FAILED @ chrome-extension://invalid/:0
[  198862ms] [ERROR] Failed to load resource: net::ERR_FAILED @ chrome-extension://invalid/:0
[  198964ms] [ERROR] Failed to load resource: net::ERR_FAILED @ chrome-extension://invalid/:0
[  199071ms] [ERROR] Failed to load resource: net::ERR_FAILED @ chrome-extension://invalid/:0
[  199172ms] [ERROR] Failed to load resource: net::ERR_FAILED @ chrome-extension://invalid/:0
[  199281ms] [ERROR] Failed to load resource: net::ERR_FAILED @ chrome-extension://invalid/:0
[  199382ms] [ERROR] Failed to load resource: net::ERR_FAILED @ chrome-extension://invalid/:0
[  199492ms] [ERROR] Failed to load resource: net::ERR_FAILED @ chrome-extension://invalid/:0
[  199594ms] [ERROR] Failed to load resource: net::ERR_FAILED @ chrome-extension://invalid/:0
[  199701ms] [ERROR] Failed to load resource: net::ERR_FAILED @ chrome-extension://invalid/:0
[  199803ms] [ERROR] Failed to load resource: net::ERR_FAILED @ chrome-extension://invalid/:0
[  199912ms] [ERROR] Failed to load resource: net::ERR_FAILED @ chrome-extension://invalid/:0
[  200014ms] [ERROR] Failed to load resource: net::ERR_FAILED @ chrome-extension://invalid/:0
[  200121ms] [ERROR] Failed to load resource: net::ERR_FAILED @ chrome-extension://invalid/:0
[  200223ms] [ERROR] Failed to load resource: net::ERR_FAILED @ chrome-extension://invalid/:0
[  200332ms] [ERROR] Failed to load resource: net::ERR_FAILED @ chrome-extension://invalid/:0
[  200433ms] [ERROR] Failed to load resource: net::ERR_FAILED @ chrome-extension://invalid/:0
[  200542ms] [ERROR] Failed to load resource: net::ERR_FAILED @ chrome-extension://invalid/:0
[  200643ms] [ERROR] Failed to load resource: net::ERR_FAILED @ chrome-extension://invalid/:0
[  200752ms] [ERROR] Failed to load resource: net::ERR_FAILED @ chrome-extension://invalid/:0
[  200854ms] [ERROR] Failed to load resource: net::ERR_FAILED @ chrome-extension://invalid/:0
[  200961ms] [ERROR] Failed to load resource: net::ERR_FAILED @ chrome-extension://invalid/:0
[  201064ms] [ERROR] Failed to load resource: net::ERR_FAILED @ chrome-extension://invalid/:0
[  201172ms] [ERROR] Failed to load resource: net::ERR_FAILED @ chrome-extension://invalid/:0
[  201273ms] [ERROR] Failed to load resource: net::ERR_FAILED @ chrome-extension://invalid/:0
[  201382ms] [ERROR] Failed to load resource: net::ERR_FAILED @ chrome-extension://invalid/:0
[  201484ms] [ERROR] Failed to load resource: net::ERR_FAILED @ chrome-extension://invalid/:0
[  201591ms] [ERROR] Failed to load resource: net::ERR_FAILED @ chrome-extension://invalid/:0
[  201693ms] [ERROR] Failed to load resource: net::ERR_FAILED @ chrome-extension://invalid/:0
[  201801ms] [ERROR] Failed to load resource: net::ERR_FAILED @ chrome-extension://invalid/:0
[  201911ms] [ERROR] Failed to load resource: net::ERR_FAILED @ chrome-extension://invalid/:0
[  202013ms] [ERROR] Failed to load resource: net::ERR_FAILED @ chrome-extension://invalid/:0
[  202115ms] [ERROR] Failed to load resource: net::ERR_FAILED @ chrome-extension://invalid/:0
[  202221ms] [ERROR] Failed to load resource: net::ERR_FAILED @ chrome-extension://invalid/:0
[  202323ms] [ERROR] Failed to load resource: net::ERR_FAILED @ chrome-extension://invalid/:0
[  202433ms] [ERROR] Failed to load resource: net::ERR_FAILED @ chrome-extension://invalid/:0
[  202534ms] [ERROR] Failed to load resource: net::ERR_FAILED @ chrome-extension://invalid/:0
[  202641ms] [ERROR] Failed to load resource: net::ERR_FAILED @ chrome-extension://invalid/:0
[  202743ms] [ERROR] Failed to load resource: net::ERR_FAILED @ chrome-extension://invalid/:0
[  202851ms] [ERROR] Failed to load resource: net::ERR_FAILED @ chrome-extension://invalid/:0
[  202953ms] [ERROR] Failed to load resource: net::ERR_FAILED @ chrome-extension://invalid/:0
[  203061ms] [ERROR] Failed to load resource: net::ERR_FAILED @ chrome-extension://invalid/:0
[  203163ms] [ERROR] Failed to load resource: net::ERR_FAILED @ chrome-extension://invalid/:0
[  203271ms] [ERROR] Failed to load resource: net::ERR_FAILED @ chrome-extension://invalid/:0
[  203373ms] [ERROR] Failed to load resource: net::ERR_FAILED @ chrome-extension://invalid/:0
[  203482ms] [ERROR] Failed to load resource: net::ERR_FAILED @ chrome-extension://invalid/:0
[  203585ms] [ERROR] Failed to load resource: net::ERR_FAILED @ chrome-extension://invalid/:0
[  203692ms] [ERROR] Failed to load resource: net::ERR_FAILED @ chrome-extension://invalid/:0
[  203794ms] [ERROR] Failed to load resource: net::ERR_FAILED @ chrome-extension://invalid/:0
[  203901ms] [ERROR] Failed to load resource: net::ERR_FAILED @ chrome-extension://invalid/:0
[  204002ms] [ERROR] Failed to load resource: net::ERR_FAILED @ chrome-extension://invalid/:0
[  204112ms] [ERROR] Failed to load resource: net::ERR_FAILED @ chrome-extension://invalid/:0
[  204213ms] [ERROR] Failed to load resource: net::ERR_FAILED @ chrome-extension://invalid/:0
[  204322ms] [ERROR] Failed to load resource: net::ERR_FAILED @ chrome-extension://invalid/:0
[  204423ms] [ERROR] Failed to load resource: net::ERR_FAILED @ chrome-extension://invalid/:0
[  204525ms] [ERROR] Failed to load resource: net::ERR_FAILED @ chrome-extension://invalid/:0
[  204627ms] [ERROR] Failed to load resource: net::ERR_FAILED @ chrome-extension://invalid/:0
[  204729ms] [ERROR] Failed to load resource: net::ERR_FAILED @ chrome-extension://invalid/:0
[  204831ms] [ERROR] Failed to load resource: net::ERR_FAILED @ chrome-extension://invalid/:0
[  204932ms] [ERROR] Failed to load resource: net::ERR_FAILED @ chrome-extension://invalid/:0
[  205033ms] [ERROR] Failed to load resource: net::ERR_FAILED @ chrome-extension://invalid/:0
[  205135ms] [ERROR] Failed to load resource: net::ERR_FAILED @ chrome-extension://invalid/:0
[  205237ms] [ERROR] Failed to load resource: net::ERR_FAILED @ chrome-extension://invalid/:0
[  205340ms] [ERROR] Failed to load resource: net::ERR_FAILED @ chrome-extension://invalid/:0
[  205441ms] [ERROR] Failed to load resource: net::ERR_FAILED @ chrome-extension://invalid/:0
[  205544ms] [ERROR] Failed to load resource: net::ERR_FAILED @ chrome-extension://invalid/:0
[  205645ms] [ERROR] Failed to load resource: net::ERR_FAILED @ chrome-extension://invalid/:0
[  205747ms] [ERROR] Failed to load resource: net::ERR_FAILED @ chrome-extension://invalid/:0
[  205849ms] [ERROR] Failed to load resource: net::ERR_FAILED @ chrome-extension://invalid/:0
[  205951ms] [ERROR] Failed to load resource: net::ERR_FAILED @ chrome-extension://invalid/:0
[  206052ms] [ERROR] Failed to load resource: net::ERR_FAILED @ chrome-extension://invalid/:0
[  206153ms] [ERROR] Failed to load resource: net::ERR_FAILED @ chrome-extension://invalid/:0
[  206256ms] [ERROR] Failed to load resource: net::ERR_FAILED @ chrome-extension://invalid/:0
[  206357ms] [ERROR] Failed to load resource: net::ERR_FAILED @ chrome-extension://invalid/:0
[  206459ms] [ERROR] Failed to load resource: net::ERR_FAILED @ chrome-extension://invalid/:0
[  206561ms] [ERROR] Failed to load resource: net::ERR_FAILED @ chrome-extension://invalid/:0
[  206663ms] [ERROR] Failed to load resource: net::ERR_FAILED @ chrome-extension://invalid/:0
[  206764ms] [ERROR] Failed to load resource: net::ERR_FAILED @ chrome-extension://invalid/:0
[  206866ms] [ERROR] Failed to load resource: net::ERR_FAILED @ chrome-extension://invalid/:0
[  206969ms] [ERROR] Failed to load resource: net::ERR_FAILED @ chrome-extension://invalid/:0
[  207071ms] [ERROR] Failed to load resource: net::ERR_FAILED @ chrome-extension://invalid/:0
[  207172ms] [ERROR] Failed to load resource: net::ERR_FAILED @ chrome-extension://invalid/:0
[  207275ms] [ERROR] Failed to load resource: net::ERR_FAILED @ chrome-extension://invalid/:0
[  207378ms] [ERROR] Failed to load resource: net::ERR_FAILED @ chrome-extension://invalid/:0
[  207480ms] [ERROR] Failed to load resource: net::ERR_FAILED @ chrome-extension://invalid/:0
[  207581ms] [ERROR] Failed to load resource: net::ERR_FAILED @ chrome-extension://invalid/:0
[  207683ms] [ERROR] Failed to load resource: net::ERR_FAILED @ chrome-extension://invalid/:0
[  207785ms] [ERROR] Failed to load resource: net::ERR_FAILED @ chrome-extension://invalid/:0
[  207887ms] [ERROR] Failed to load resource: net::ERR_FAILED @ chrome-extension://invalid/:0
[  207990ms] [ERROR] Failed to load resource: net::ERR_FAILED @ chrome-extension://invalid/:0
[  208092ms] [ERROR] Failed to load resource: net::ERR_FAILED @ chrome-extension://invalid/:0
[  208193ms] [ERROR] Failed to load resource: net::ERR_FAILED @ chrome-extension://invalid/:0
[  208296ms] [ERROR] Failed to load resource: net::ERR_FAILED @ chrome-extension://invalid/:0
[  208398ms] [ERROR] Failed to load resource: net::ERR_FAILED @ chrome-extension://invalid/:0
[  208500ms] [ERROR] Failed to load resource: net::ERR_FAILED @ chrome-extension://invalid/:0
[  208601ms] [ERROR] Failed to load resource: net::ERR_FAILED @ chrome-extension://invalid/:0
[  208703ms] [ERROR] Failed to load resource: net::ERR_FAILED @ chrome-extension://invalid/:0
[  208805ms] [ERROR] Failed to load resource: net::ERR_FAILED @ chrome-extension://invalid/:0
[  208907ms] [ERROR] Failed to load resource: net::ERR_FAILED @ chrome-extension://invalid/:0
[  209009ms] [ERROR] Failed to load resource: net::ERR_FAILED @ chrome-extension://invalid/:0
[  209112ms] [ERROR] Failed to load resource: net::ERR_FAILED @ chrome-extension://invalid/:0
[  209213ms] [ERROR] Failed to load resource: net::ERR_FAILED @ chrome-extension://invalid/:0
[  209316ms] [ERROR] Failed to load resource: net::ERR_FAILED @ chrome-extension://invalid/:0
[  209417ms] [ERROR] Failed to load resource: net::ERR_FAILED @ chrome-extension://invalid/:0
[  209519ms] [ERROR] Failed to load resource: net::ERR_FAILED @ chrome-extension://invalid/:0
[  209621ms] [ERROR] Failed to load resource: net::ERR_FAILED @ chrome-extension://invalid/:0
[  209723ms] [ERROR] Failed to load resource: net::ERR_FAILED @ chrome-extension://invalid/:0
[  209825ms] [ERROR] Failed to load resource: net::ERR_FAILED @ chrome-extension://invalid/:0
[  209928ms] [ERROR] Failed to load resource: net::ERR_FAILED @ chrome-extension://invalid/:0
[  210029ms] [ERROR] Failed to load resource: net::ERR_FAILED @ chrome-extension://invalid/:0
[  210132ms] [ERROR] Failed to load resource: net::ERR_FAILED @ chrome-extension://invalid/:0
[  210234ms] [ERROR] Failed to load resource: net::ERR_FAILED @ chrome-extension://invalid/:0
[  210337ms] [ERROR] Failed to load resource: net::ERR_FAILED @ chrome-extension://invalid/:0
[  210439ms] [ERROR] Failed to load resource: net::ERR_FAILED @ chrome-extension://invalid/:0
[  210541ms] [ERROR] Failed to load resource: net::ERR_FAILED @ chrome-extension://invalid/:0
[  210642ms] [ERROR] Failed to load resource: net::ERR_FAILED @ chrome-extension://invalid/:0
[  210745ms] [ERROR] Failed to load resource: net::ERR_FAILED @ chrome-extension://invalid/:0
[  210847ms] [ERROR] Failed to load resource: net::ERR_FAILED @ chrome-extension://invalid/:0
[  210949ms] [ERROR] Failed to load resource: net::ERR_FAILED @ chrome-extension://invalid/:0
[  211051ms] [ERROR] Failed to load resource: net::ERR_FAILED @ chrome-extension://invalid/:0
[  211153ms] [ERROR] Failed to load resource: net::ERR_FAILED @ chrome-extension://invalid/:0
[  211256ms] [ERROR] Failed to load resource: net::ERR_FAILED @ chrome-extension://invalid/:0
[  211358ms] [ERROR] Failed to load resource: net::ERR_FAILED @ chrome-extension://invalid/:0
[  211459ms] [ERROR] Failed to load resource: net::ERR_FAILED @ chrome-extension://invalid/:0
[  211561ms] [ERROR] Failed to load resource: net::ERR_FAILED @ chrome-extension://invalid/:0
[  211672ms] [ERROR] Failed to load resource: net::ERR_FAILED @ chrome-extension://invalid/:0
[  211775ms] [ERROR] Failed to load resource: net::ERR_FAILED @ chrome-extension://invalid/:0
[  211877ms] [ERROR] Failed to load resource: net::ERR_FAILED @ chrome-extension://invalid/:0
[  211979ms] [ERROR] Failed to load resource: net::ERR_FAILED @ chrome-extension://invalid/:0
[  212081ms] [ERROR] Failed to load resource: net::ERR_FAILED @ chrome-extension://invalid/:0
[  212182ms] [ERROR] Failed to load resource: net::ERR_FAILED @ chrome-extension://invalid/:0
[  212285ms] [ERROR] Failed to load resource: net::ERR_FAILED @ chrome-extension://invalid/:0
[  212387ms] [ERROR] Failed to load resource: net::ERR_FAILED @ chrome-extension://invalid/:0
[  212489ms] [ERROR] Failed to load resource: net::ERR_FAILED @ chrome-extension://invalid/:0
[  212591ms] [ERROR] Failed to load resource: net::ERR_FAILED @ chrome-extension://invalid/:0
[  212692ms] [ERROR] Failed to load resource: net::ERR_FAILED @ chrome-extension://invalid/:0
[  212794ms] [ERROR] Failed to load resource: net::ERR_FAILED @ chrome-extension://invalid/:0
[  212897ms] [ERROR] Failed to load resource: net::ERR_FAILED @ chrome-extension://invalid/:0
[  213000ms] [ERROR] Failed to load resource: net::ERR_FAILED @ chrome-extension://invalid/:0
[  213101ms] [ERROR] Failed to load resource: net::ERR_FAILED @ chrome-extension://invalid/:0
[  213202ms] [ERROR] Failed to load resource: net::ERR_FAILED @ chrome-extension://invalid/:0
[  213305ms] [ERROR] Failed to load resource: net::ERR_FAILED @ chrome-extension://invalid/:0
[  213407ms] [ERROR] Failed to load resource: net::ERR_FAILED @ chrome-extension://invalid/:0
[  213509ms] [ERROR] Failed to load resource: net::ERR_FAILED @ chrome-extension://invalid/:0
[  213611ms] [ERROR] Failed to load resource: net::ERR_FAILED @ chrome-extension://invalid/:0
[  213713ms] [ERROR] Failed to load resource: net::ERR_FAILED @ chrome-extension://invalid/:0
[  213816ms] [ERROR] Failed to load resource: net::ERR_FAILED @ chrome-extension://invalid/:0
[  213917ms] [ERROR] Failed to load resource: net::ERR_FAILED @ chrome-extension://invalid/:0
[  214021ms] [ERROR] Failed to load resource: net::ERR_FAILED @ chrome-extension://invalid/:0
[  214122ms] [ERROR] Failed to load resource: net::ERR_FAILED @ chrome-extension://invalid/:0
[  214224ms] [ERROR] Failed to load resource: net::ERR_FAILED @ chrome-extension://invalid/:0
[  214326ms] [ERROR] Failed to load resource: net::ERR_FAILED @ chrome-extension://invalid/:0
[  214427ms] [ERROR] Failed to load resource: net::ERR_FAILED @ chrome-extension://invalid/:0
[  214529ms] [ERROR] Failed to load resource: net::ERR_FAILED @ chrome-extension://invalid/:0
[  214631ms] [ERROR] Failed to load resource: net::ERR_FAILED @ chrome-extension://invalid/:0
[  214732ms] [ERROR] Failed to load resource: net::ERR_FAILED @ chrome-extension://invalid/:0
[  214834ms] [ERROR] Failed to load resource: net::ERR_FAILED @ chrome-extension://invalid/:0
[  214938ms] [ERROR] Failed to load resource: net::ERR_FAILED @ chrome-extension://invalid/:0
[  215041ms] [ERROR] Failed to load resource: net::ERR_FAILED @ chrome-extension://invalid/:0
[  215143ms] [ERROR] Failed to load resource: net::ERR_FAILED @ chrome-extension://invalid/:0
[  215245ms] [ERROR] Failed to load resource: net::ERR_FAILED @ chrome-extension://invalid/:0
[  215348ms] [ERROR] Failed to load resource: net::ERR_FAILED @ chrome-extension://invalid/:0
[  215449ms] [ERROR] Failed to load resource: net::ERR_FAILED @ chrome-extension://invalid/:0
[  215552ms] [ERROR] Failed to load resource: net::ERR_FAILED @ chrome-extension://invalid/:0
[  215653ms] [ERROR] Failed to load resource: net::ERR_FAILED @ chrome-extension://invalid/:0
[  215755ms] [ERROR] Failed to load resource: net::ERR_FAILED @ chrome-extension://invalid/:0
[  215857ms] [ERROR] Failed to load resource: net::ERR_FAILED @ chrome-extension://invalid/:0
[  215959ms] [ERROR] Failed to load resource: net::ERR_FAILED @ chrome-extension://invalid/:0
[  216061ms] [ERROR] Failed to load resource: net::ERR_FAILED @ chrome-extension://invalid/:0
[  216163ms] [ERROR] Failed to load resource: net::ERR_FAILED @ chrome-extension://invalid/:0
[  216265ms] [ERROR] Failed to load resource: net::ERR_FAILED @ chrome-extension://invalid/:0
[  216368ms] [ERROR] Failed to load resource: net::ERR_FAILED @ chrome-extension://invalid/:0
[  216469ms] [ERROR] Failed to load resource: net::ERR_FAILED @ chrome-extension://invalid/:0
[  216572ms] [ERROR] Failed to load resource: net::ERR_FAILED @ chrome-extension://invalid/:0
[  216674ms] [ERROR] Failed to load resource: net::ERR_FAILED @ chrome-extension://invalid/:0
[  216776ms] [ERROR] Failed to load resource: net::ERR_FAILED @ chrome-extension://invalid/:0
[  216877ms] [ERROR] Failed to load resource: net::ERR_FAILED @ chrome-extension://invalid/:0
[  216978ms] [ERROR] Failed to load resource: net::ERR_FAILED @ chrome-extension://invalid/:0
[  217081ms] [ERROR] Failed to load resource: net::ERR_FAILED @ chrome-extension://invalid/:0
[  217182ms] [ERROR] Failed to load resource: net::ERR_FAILED @ chrome-extension://invalid/:0
[  217283ms] [ERROR] Failed to load resource: net::ERR_FAILED @ chrome-extension://invalid/:0
[  217385ms] [ERROR] Failed to load resource: net::ERR_FAILED @ chrome-extension://invalid/:0
[  217488ms] [ERROR] Failed to load resource: net::ERR_FAILED @ chrome-extension://invalid/:0
[  217590ms] [ERROR] Failed to load resource: net::ERR_FAILED @ chrome-extension://invalid/:0
[  217692ms] [ERROR] Failed to load resource: net::ERR_FAILED @ chrome-extension://invalid/:0
[  217793ms] [ERROR] Failed to load resource: net::ERR_FAILED @ chrome-extension://invalid/:0
[  217896ms] [ERROR] Failed to load resource: net::ERR_FAILED @ chrome-extension://invalid/:0
[  217998ms] [ERROR] Failed to load resource: net::ERR_FAILED @ chrome-extension://invalid/:0
[  218101ms] [ERROR] Failed to load resource: net::ERR_FAILED @ chrome-extension://invalid/:0
[  218202ms] [ERROR] Failed to load resource: net::ERR_FAILED @ chrome-extension://invalid/:0
[  218303ms] [ERROR] Failed to load resource: net::ERR_FAILED @ chrome-extension://invalid/:0
[  218405ms] [ERROR] Failed to load resource: net::ERR_FAILED @ chrome-extension://invalid/:0
[  218506ms] [ERROR] Failed to load resource: net::ERR_FAILED @ chrome-extension://invalid/:0
[  218609ms] [ERROR] Failed to load resource: net::ERR_FAILED @ chrome-extension://invalid/:0
[  218712ms] [ERROR] Failed to load resource: net::ERR_FAILED @ chrome-extension://invalid/:0
[  218813ms] [ERROR] Failed to load resource: net::ERR_FAILED @ chrome-extension://invalid/:0
[  218916ms] [ERROR] Failed to load resource: net::ERR_FAILED @ chrome-extension://invalid/:0
[  219017ms] [ERROR] Failed to load resource: net::ERR_FAILED @ chrome-extension://invalid/:0
[  219119ms] [ERROR] Failed to load resource: net::ERR_FAILED @ chrome-extension://invalid/:0
[  219220ms] [ERROR] Failed to load resource: net::ERR_FAILED @ chrome-extension://invalid/:0
[  219321ms] [ERROR] Failed to load resource: net::ERR_FAILED @ chrome-extension://invalid/:0
[  219424ms] [ERROR] Failed to load resource: net::ERR_FAILED @ chrome-extension://invalid/:0
[  219525ms] [ERROR] Failed to load resource: net::ERR_FAILED @ chrome-extension://invalid/:0
[  219628ms] [ERROR] Failed to load resource: net::ERR_FAILED @ chrome-extension://invalid/:0
[  219730ms] [ERROR] Failed to load resource: net::ERR_FAILED @ chrome-extension://invalid/:0
[  219832ms] [ERROR] Failed to load resource: net::ERR_FAILED @ chrome-extension://invalid/:0
[  219933ms] [ERROR] Failed to load resource: net::ERR_FAILED @ chrome-extension://invalid/:0
[  220036ms] [ERROR] Failed to load resource: net::ERR_FAILED @ chrome-extension://invalid/:0
[  220137ms] [ERROR] Failed to load resource: net::ERR_FAILED @ chrome-extension://invalid/:0
[  220239ms] [ERROR] Failed to load resource: net::ERR_FAILED @ chrome-extension://invalid/:0
[  220341ms] [ERROR] Failed to load resource: net::ERR_FAILED @ chrome-extension://invalid/:0
[  220443ms] [ERROR] Failed to load resource: net::ERR_FAILED @ chrome-extension://invalid/:0
[  220545ms] [ERROR] Failed to load resource: net::ERR_FAILED @ chrome-extension://invalid/:0
[  220648ms] [ERROR] Failed to load resource: net::ERR_FAILED @ chrome-extension://invalid/:0
[  220749ms] [ERROR] Failed to load resource: net::ERR_FAILED @ chrome-extension://invalid/:0
[  220850ms] [ERROR] Failed to load resource: net::ERR_FAILED @ chrome-extension://invalid/:0
[  220952ms] [ERROR] Failed to load resource: net::ERR_FAILED @ chrome-extension://invalid/:0
[  221054ms] [ERROR] Failed to load resource: net::ERR_FAILED @ chrome-extension://invalid/:0
[  221156ms] [ERROR] Failed to load resource: net::ERR_FAILED @ chrome-extension://invalid/:0
[  221257ms] [ERROR] Failed to load resource: net::ERR_FAILED @ chrome-extension://invalid/:0
[  221360ms] [ERROR] Failed to load resource: net::ERR_FAILED @ chrome-extension://invalid/:0
[  221462ms] [ERROR] Failed to load resource: net::ERR_FAILED @ chrome-extension://invalid/:0
[  221563ms] [ERROR] Failed to load resource: net::ERR_FAILED @ chrome-extension://invalid/:0
[  221665ms] [ERROR] Failed to load resource: net::ERR_FAILED @ chrome-extension://invalid/:0
[  221768ms] [ERROR] Failed to load resource: net::ERR_FAILED @ chrome-extension://invalid/:0
[  221869ms] [ERROR] Failed to load resource: net::ERR_FAILED @ chrome-extension://invalid/:0
[  221972ms] [ERROR] Failed to load resource: net::ERR_FAILED @ chrome-extension://invalid/:0
[  222073ms] [ERROR] Failed to load resource: net::ERR_FAILED @ chrome-extension://invalid/:0
[  222176ms] [ERROR] Failed to load resource: net::ERR_FAILED @ chrome-extension://invalid/:0
[  222279ms] [ERROR] Failed to load resource: net::ERR_FAILED @ chrome-extension://invalid/:0
[  222381ms] [ERROR] Failed to load resource: net::ERR_FAILED @ chrome-extension://invalid/:0
[  222483ms] [ERROR] Failed to load resource: net::ERR_FAILED @ chrome-extension://invalid/:0
[  222585ms] [ERROR] Failed to load resource: net::ERR_FAILED @ chrome-extension://invalid/:0
[  222688ms] [ERROR] Failed to load resource: net::ERR_FAILED @ chrome-extension://invalid/:0
[  222790ms] [ERROR] Failed to load resource: net::ERR_FAILED @ chrome-extension://invalid/:0
[  222892ms] [ERROR] Failed to load resource: net::ERR_FAILED @ chrome-extension://invalid/:0
[  222995ms] [ERROR] Failed to load resource: net::ERR_FAILED @ chrome-extension://invalid/:0
[  223098ms] [ERROR] Failed to load resource: net::ERR_FAILED @ chrome-extension://invalid/:0
[  223200ms] [ERROR] Failed to load resource: net::ERR_FAILED @ chrome-extension://invalid/:0
[  223302ms] [ERROR] Failed to load resource: net::ERR_FAILED @ chrome-extension://invalid/:0
[  223404ms] [ERROR] Failed to load resource: net::ERR_FAILED @ chrome-extension://invalid/:0
[  223505ms] [ERROR] Failed to load resource: net::ERR_FAILED @ chrome-extension://invalid/:0
[  223607ms] [ERROR] Failed to load resource: net::ERR_FAILED @ chrome-extension://invalid/:0
[  223709ms] [ERROR] Failed to load resource: net::ERR_FAILED @ chrome-extension://invalid/:0
[  223812ms] [ERROR] Failed to load resource: net::ERR_FAILED @ chrome-extension://invalid/:0
[  223913ms] [ERROR] Failed to load resource: net::ERR_FAILED @ chrome-extension://invalid/:0
[  224016ms] [ERROR] Failed to load resource: net::ERR_FAILED @ chrome-extension://invalid/:0
[  224117ms] [ERROR] Failed to load resource: net::ERR_FAILED @ chrome-extension://invalid/:0
[  224220ms] [ERROR] Failed to load resource: net::ERR_FAILED @ chrome-extension://invalid/:0
[  224322ms] [ERROR] Failed to load resource: net::ERR_FAILED @ chrome-extension://invalid/:0
[  224424ms] [ERROR] Failed to load resource: net::ERR_FAILED @ chrome-extension://invalid/:0
[  224526ms] [ERROR] Failed to load resource: net::ERR_FAILED @ chrome-extension://invalid/:0
[  224627ms] [ERROR] Failed to load resource: net::ERR_FAILED @ chrome-extension://invalid/:0
[  224729ms] [ERROR] Failed to load resource: net::ERR_FAILED @ chrome-extension://invalid/:0
[  224830ms] [ERROR] Failed to load resource: net::ERR_FAILED @ chrome-extension://invalid/:0
[  224932ms] [ERROR] Failed to load resource: net::ERR_FAILED @ chrome-extension://invalid/:0
[  225033ms] [ERROR] Failed to load resource: net::ERR_FAILED @ chrome-extension://invalid/:0
[  225135ms] [ERROR] Failed to load resource: net::ERR_FAILED @ chrome-extension://invalid/:0
[  225237ms] [ERROR] Failed to load resource: net::ERR_FAILED @ chrome-extension://invalid/:0
[  225340ms] [ERROR] Failed to load resource: net::ERR_FAILED @ chrome-extension://invalid/:0
[  225441ms] [ERROR] Failed to load resource: net::ERR_FAILED @ chrome-extension://invalid/:0
[  225544ms] [ERROR] Failed to load resource: net::ERR_FAILED @ chrome-extension://invalid/:0
[  225645ms] [ERROR] Failed to load resource: net::ERR_FAILED @ chrome-extension://invalid/:0
[  225748ms] [ERROR] Failed to load resource: net::ERR_FAILED @ chrome-extension://invalid/:0
[  225849ms] [ERROR] Failed to load resource: net::ERR_FAILED @ chrome-extension://invalid/:0
[  225951ms] [ERROR] Failed to load resource: net::ERR_FAILED @ chrome-extension://invalid/:0
[  226052ms] [ERROR] Failed to load resource: net::ERR_FAILED @ chrome-extension://invalid/:0
[  226155ms] [ERROR] Failed to load resource: net::ERR_FAILED @ chrome-extension://invalid/:0
[  226257ms] [ERROR] Failed to load resource: net::ERR_FAILED @ chrome-extension://invalid/:0
[  226361ms] [ERROR] Failed to load resource: net::ERR_FAILED @ chrome-extension://invalid/:0
[  226462ms] [ERROR] Failed to load resource: net::ERR_FAILED @ chrome-extension://invalid/:0
[  226564ms] [ERROR] Failed to load resource: net::ERR_FAILED @ chrome-extension://invalid/:0
[  226667ms] [ERROR] Failed to load resource: net::ERR_FAILED @ chrome-extension://invalid/:0
[  226769ms] [ERROR] Failed to load resource: net::ERR_FAILED @ chrome-extension://invalid/:0
[  226871ms] [ERROR] Failed to load resource: net::ERR_FAILED @ chrome-extension://invalid/:0
[  226973ms] [ERROR] Failed to load resource: net::ERR_FAILED @ chrome-extension://invalid/:0
[  227076ms] [ERROR] Failed to load resource: net::ERR_FAILED @ chrome-extension://invalid/:0
[  227177ms] [ERROR] Failed to load resource: net::ERR_FAILED @ chrome-extension://invalid/:0
[  227279ms] [ERROR] Failed to load resource: net::ERR_FAILED @ chrome-extension://invalid/:0
[  227381ms] [ERROR] Failed to load resource: net::ERR_FAILED @ chrome-extension://invalid/:0
[  227483ms] [ERROR] Failed to load resource: net::ERR_FAILED @ chrome-extension://invalid/:0
[  227585ms] [ERROR] Failed to load resource: net::ERR_FAILED @ chrome-extension://invalid/:0
[  227688ms] [ERROR] Failed to load resource: net::ERR_FAILED @ chrome-extension://invalid/:0
[  227791ms] [ERROR] Failed to load resource: net::ERR_FAILED @ chrome-extension://invalid/:0
[  227893ms] [ERROR] Failed to load resource: net::ERR_FAILED @ chrome-extension://invalid/:0
[  227994ms] [ERROR] Failed to load resource: net::ERR_FAILED @ chrome-extension://invalid/:0
[  228097ms] [ERROR] Failed to load resource: net::ERR_FAILED @ chrome-extension://invalid/:0
[  228199ms] [ERROR] Failed to load resource: net::ERR_FAILED @ chrome-extension://invalid/:0
[  228301ms] [ERROR] Failed to load resource: net::ERR_FAILED @ chrome-extension://invalid/:0
[  228403ms] [ERROR] Failed to load resource: net::ERR_FAILED @ chrome-extension://invalid/:0
[  228505ms] [ERROR] Failed to load resource: net::ERR_FAILED @ chrome-extension://invalid/:0
[  228608ms] [ERROR] Failed to load resource: net::ERR_FAILED @ chrome-extension://invalid/:0
[  228709ms] [ERROR] Failed to load resource: net::ERR_FAILED @ chrome-extension://invalid/:0
[  228812ms] [ERROR] Failed to load resource: net::ERR_FAILED @ chrome-extension://invalid/:0
[  228914ms] [ERROR] Failed to load resource: net::ERR_FAILED @ chrome-extension://invalid/:0
[  229017ms] [ERROR] Failed to load resource: net::ERR_FAILED @ chrome-extension://invalid/:0
[  229119ms] [ERROR] Failed to load resource: net::ERR_FAILED @ chrome-extension://invalid/:0
[  229221ms] [ERROR] Failed to load resource: net::ERR_FAILED @ chrome-extension://invalid/:0
[  229322ms] [ERROR] Failed to load resource: net::ERR_FAILED @ chrome-extension://invalid/:0
[  229425ms] [ERROR] Failed to load resource: net::ERR_FAILED @ chrome-extension://invalid/:0
[  229527ms] [ERROR] Failed to load resource: net::ERR_FAILED @ chrome-extension://invalid/:0
[  229629ms] [ERROR] Failed to load resource: net::ERR_FAILED @ chrome-extension://invalid/:0
[  229730ms] [ERROR] Failed to load resource: net::ERR_FAILED @ chrome-extension://invalid/:0
[  229832ms] [ERROR] Failed to load resource: net::ERR_FAILED @ chrome-extension://invalid/:0
[  229933ms] [ERROR] Failed to load resource: net::ERR_FAILED @ chrome-extension://invalid/:0
[  230035ms] [ERROR] Failed to load resource: net::ERR_FAILED @ chrome-extension://invalid/:0
[  230137ms] [ERROR] Failed to load resource: net::ERR_FAILED @ chrome-extension://invalid/:0
[  230238ms] [ERROR] Failed to load resource: net::ERR_FAILED @ chrome-extension://invalid/:0
[  230341ms] [ERROR] Failed to load resource: net::ERR_FAILED @ chrome-extension://invalid/:0
[  230443ms] [ERROR] Failed to load resource: net::ERR_FAILED @ chrome-extension://invalid/:0
[  230545ms] [ERROR] Failed to load resource: net::ERR_FAILED @ chrome-extension://invalid/:0
[  230647ms] [ERROR] Failed to load resource: net::ERR_FAILED @ chrome-extension://invalid/:0
[  230749ms] [ERROR] Failed to load resource: net::ERR_FAILED @ chrome-extension://invalid/:0
[  230851ms] [ERROR] Failed to load resource: net::ERR_FAILED @ chrome-extension://invalid/:0
[  230952ms] [ERROR] Failed to load resource: net::ERR_FAILED @ chrome-extension://invalid/:0
[  231053ms] [ERROR] Failed to load resource: net::ERR_FAILED @ chrome-extension://invalid/:0
[  231156ms] [ERROR] Failed to load resource: net::ERR_FAILED @ chrome-extension://invalid/:0
[  231257ms] [ERROR] Failed to load resource: net::ERR_FAILED @ chrome-extension://invalid/:0
[  231360ms] [ERROR] Failed to load resource: net::ERR_FAILED @ chrome-extension://invalid/:0
[  231462ms] [ERROR] Failed to load resource: net::ERR_FAILED @ chrome-extension://invalid/:0
[  231564ms] [ERROR] Failed to load resource: net::ERR_FAILED @ chrome-extension://invalid/:0
[  231665ms] [ERROR] Failed to load resource: net::ERR_FAILED @ chrome-extension://invalid/:0
[  231767ms] [ERROR] Failed to load resource: net::ERR_FAILED @ chrome-extension://invalid/:0
[  231869ms] [ERROR] Failed to load resource: net::ERR_FAILED @ chrome-extension://invalid/:0
[  231972ms] [ERROR] Failed to load resource: net::ERR_FAILED @ chrome-extension://invalid/:0
[  232073ms] [ERROR] Failed to load resource: net::ERR_FAILED @ chrome-extension://invalid/:0
[  232176ms] [ERROR] Failed to load resource: net::ERR_FAILED @ chrome-extension://invalid/:0
[  232277ms] [ERROR] Failed to load resource: net::ERR_FAILED @ chrome-extension://invalid/:0
[  232380ms] [ERROR] Failed to load resource: net::ERR_FAILED @ chrome-extension://invalid/:0
[  232481ms] [ERROR] Failed to load resource: net::ERR_FAILED @ chrome-extension://invalid/:0
[  232583ms] [ERROR] Failed to load resource: net::ERR_FAILED @ chrome-extension://invalid/:0
[  232685ms] [ERROR] Failed to load resource: net::ERR_FAILED @ chrome-extension://invalid/:0
[  232787ms] [ERROR] Failed to load resource: net::ERR_FAILED @ chrome-extension://invalid/:0
[  232889ms] [ERROR] Failed to load resource: net::ERR_FAILED @ chrome-extension://invalid/:0
[  232992ms] [ERROR] Failed to load resource: net::ERR_FAILED @ chrome-extension://invalid/:0
[  233093ms] [ERROR] Failed to load resource: net::ERR_FAILED @ chrome-extension://invalid/:0
[  233196ms] [ERROR] Failed to load resource: net::ERR_FAILED @ chrome-extension://invalid/:0
[  233297ms] [ERROR] Failed to load resource: net::ERR_FAILED @ chrome-extension://invalid/:0
[  233400ms] [ERROR] Failed to load resource: net::ERR_FAILED @ chrome-extension://invalid/:0
[  233502ms] [ERROR] Failed to load resource: net::ERR_FAILED @ chrome-extension://invalid/:0
[  233603ms] [ERROR] Failed to load resource: net::ERR_FAILED @ chrome-extension://invalid/:0
[  233705ms] [ERROR] Failed to load resource: net::ERR_FAILED @ chrome-extension://invalid/:0
[  233808ms] [ERROR] Failed to load resource: net::ERR_FAILED @ chrome-extension://invalid/:0
[  233932ms] [ERROR] Failed to load resource: net::ERR_FAILED @ chrome-extension://invalid/:0
[  234033ms] [ERROR] Failed to load resource: net::ERR_FAILED @ chrome-extension://invalid/:0
[  234136ms] [ERROR] Failed to load resource: net::ERR_FAILED @ chrome-extension://invalid/:0
[  234238ms] [ERROR] Failed to load resource: net::ERR_FAILED @ chrome-extension://invalid/:0
[  234340ms] [ERROR] Failed to load resource: net::ERR_FAILED @ chrome-extension://invalid/:0
[  234441ms] [ERROR] Failed to load resource: net::ERR_FAILED @ chrome-extension://invalid/:0
[  234543ms] [ERROR] Failed to load resource: net::ERR_FAILED @ chrome-extension://invalid/:0
[  234645ms] [ERROR] Failed to load resource: net::ERR_FAILED @ chrome-extension://invalid/:0
[  234748ms] [ERROR] Failed to load resource: net::ERR_FAILED @ chrome-extension://invalid/:0
[  234849ms] [ERROR] Failed to load resource: net::ERR_FAILED @ chrome-extension://invalid/:0
[  234951ms] [ERROR] Failed to load resource: net::ERR_FAILED @ chrome-extension://invalid/:0
[  235053ms] [ERROR] Failed to load resource: net::ERR_FAILED @ chrome-extension://invalid/:0
[  235155ms] [ERROR] Failed to load resource: net::ERR_FAILED @ chrome-extension://invalid/:0
[  235257ms] [ERROR] Failed to load resource: net::ERR_FAILED @ chrome-extension://invalid/:0
[  235359ms] [ERROR] Failed to load resource: net::ERR_FAILED @ chrome-extension://invalid/:0
[  235461ms] [ERROR] Failed to load resource: net::ERR_FAILED @ chrome-extension://invalid/:0
[  235563ms] [ERROR] Failed to load resource: net::ERR_FAILED @ chrome-extension://invalid/:0
[  235665ms] [ERROR] Failed to load resource: net::ERR_FAILED @ chrome-extension://invalid/:0
[  235768ms] [ERROR] Failed to load resource: net::ERR_FAILED @ chrome-extension://invalid/:0
[  235869ms] [ERROR] Failed to load resource: net::ERR_FAILED @ chrome-extension://invalid/:0
[  235971ms] [ERROR] Failed to load resource: net::ERR_FAILED @ chrome-extension://invalid/:0
[  236072ms] [ERROR] Failed to load resource: net::ERR_FAILED @ chrome-extension://invalid/:0
[  236173ms] [ERROR] Failed to load resource: net::ERR_FAILED @ chrome-extension://invalid/:0
[  236276ms] [ERROR] Failed to load resource: net::ERR_FAILED @ chrome-extension://invalid/:0
[  236379ms] [ERROR] Failed to load resource: net::ERR_FAILED @ chrome-extension://invalid/:0
[  236481ms] [ERROR] Failed to load resource: net::ERR_FAILED @ chrome-extension://invalid/:0
[  236582ms] [ERROR] Failed to load resource: net::ERR_FAILED @ chrome-extension://invalid/:0
[  236685ms] [ERROR] Failed to load resource: net::ERR_FAILED @ chrome-extension://invalid/:0
[  236787ms] [ERROR] Failed to load resource: net::ERR_FAILED @ chrome-extension://invalid/:0
[  236889ms] [ERROR] Failed to load resource: net::ERR_FAILED @ chrome-extension://invalid/:0
[  236992ms] [ERROR] Failed to load resource: net::ERR_FAILED @ chrome-extension://invalid/:0
[  237093ms] [ERROR] Failed to load resource: net::ERR_FAILED @ chrome-extension://invalid/:0
[  237196ms] [ERROR] Failed to load resource: net::ERR_FAILED @ chrome-extension://invalid/:0
[  237298ms] [ERROR] Failed to load resource: net::ERR_FAILED @ chrome-extension://invalid/:0
[  237400ms] [ERROR] Failed to load resource: net::ERR_FAILED @ chrome-extension://invalid/:0
[  237501ms] [ERROR] Failed to load resource: net::ERR_FAILED @ chrome-extension://invalid/:0
[  237603ms] [ERROR] Failed to load resource: net::ERR_FAILED @ chrome-extension://invalid/:0
[  237705ms] [ERROR] Failed to load resource: net::ERR_FAILED @ chrome-extension://invalid/:0
[  237806ms] [ERROR] Failed to load resource: net::ERR_FAILED @ chrome-extension://invalid/:0
[  237908ms] [ERROR] Failed to load resource: net::ERR_FAILED @ chrome-extension://invalid/:0
[  238009ms] [ERROR] Failed to load resource: net::ERR_FAILED @ chrome-extension://invalid/:0
[  238112ms] [ERROR] Failed to load resource: net::ERR_FAILED @ chrome-extension://invalid/:0
[  238218ms] [ERROR] Failed to load resource: net::ERR_FAILED @ chrome-extension://invalid/:0
[  238321ms] [ERROR] Failed to load resource: net::ERR_FAILED @ chrome-extension://invalid/:0
[  238422ms] [ERROR] Failed to load resource: net::ERR_FAILED @ chrome-extension://invalid/:0
[  238525ms] [ERROR] Failed to load resource: net::ERR_FAILED @ chrome-extension://invalid/:0
[  238627ms] [ERROR] Failed to load resource: net::ERR_FAILED @ chrome-extension://invalid/:0
[  238728ms] [ERROR] Failed to load resource: net::ERR_FAILED @ chrome-extension://invalid/:0
[  238830ms] [ERROR] Failed to load resource: net::ERR_FAILED @ chrome-extension://invalid/:0
[  238932ms] [ERROR] Failed to load resource: net::ERR_FAILED @ chrome-extension://invalid/:0
[  239033ms] [ERROR] Failed to load resource: net::ERR_FAILED @ chrome-extension://invalid/:0
[  239135ms] [ERROR] Failed to load resource: net::ERR_FAILED @ chrome-extension://invalid/:0
[  239237ms] [ERROR] Failed to load resource: net::ERR_FAILED @ chrome-extension://invalid/:0
[  239370ms] [ERROR] Failed to load resource: net::ERR_FAILED @ chrome-extension://invalid/:0
[  239472ms] [ERROR] Failed to load resource: net::ERR_FAILED @ chrome-extension://invalid/:0
[  239573ms] [ERROR] Failed to load resource: net::ERR_FAILED @ chrome-extension://invalid/:0
[  239675ms] [ERROR] Failed to load resource: net::ERR_FAILED @ chrome-extension://invalid/:0
[  239777ms] [ERROR] Failed to load resource: net::ERR_FAILED @ chrome-extension://invalid/:0
[  239880ms] [ERROR] Failed to load resource: net::ERR_FAILED @ chrome-extension://invalid/:0
[  239981ms] [ERROR] Failed to load resource: net::ERR_FAILED @ chrome-extension://invalid/:0
[  240086ms] [ERROR] Failed to load resource: net::ERR_FAILED @ chrome-extension://invalid/:0
[  240188ms] [ERROR] Failed to load resource: net::ERR_FAILED @ chrome-extension://invalid/:0
[  240290ms] [ERROR] Failed to load resource: net::ERR_FAILED @ chrome-extension://invalid/:0
[  240392ms] [ERROR] Failed to load resource: net::ERR_FAILED @ chrome-extension://invalid/:0
[  240494ms] [ERROR] Failed to load resource: net::ERR_FAILED @ chrome-extension://invalid/:0
[  240596ms] [ERROR] Failed to load resource: net::ERR_FAILED @ chrome-extension://invalid/:0
[  240698ms] [ERROR] Failed to load resource: net::ERR_FAILED @ chrome-extension://invalid/:0
[  240801ms] [ERROR] Failed to load resource: net::ERR_FAILED @ chrome-extension://invalid/:0
[  240902ms] [ERROR] Failed to load resource: net::ERR_FAILED @ chrome-extension://invalid/:0
[  241003ms] [ERROR] Failed to load resource: net::ERR_FAILED @ chrome-extension://invalid/:0
[  241105ms] [ERROR] Failed to load resource: net::ERR_FAILED @ chrome-extension://invalid/:0
[  241207ms] [ERROR] Failed to load resource: net::ERR_FAILED @ chrome-extension://invalid/:0
[  241308ms] [ERROR] Failed to load resource: net::ERR_FAILED @ chrome-extension://invalid/:0
[  241410ms] [ERROR] Failed to load resource: net::ERR_FAILED @ chrome-extension://invalid/:0
[  241512ms] [ERROR] Failed to load resource: net::ERR_FAILED @ chrome-extension://invalid/:0
[  241613ms] [ERROR] Failed to load resource: net::ERR_FAILED @ chrome-extension://invalid/:0
[  241715ms] [ERROR] Failed to load resource: net::ERR_FAILED @ chrome-extension://invalid/:0
[  241817ms] [ERROR] Failed to load resource: net::ERR_FAILED @ chrome-extension://invalid/:0
[  241919ms] [ERROR] Failed to load resource: net::ERR_FAILED @ chrome-extension://invalid/:0
[  242021ms] [ERROR] Failed to load resource: net::ERR_FAILED @ chrome-extension://invalid/:0
[  242123ms] [ERROR] Failed to load resource: net::ERR_FAILED @ chrome-extension://invalid/:0
[  242225ms] [ERROR] Failed to load resource: net::ERR_FAILED @ chrome-extension://invalid/:0
[  242327ms] [ERROR] Failed to load resource: net::ERR_FAILED @ chrome-extension://invalid/:0
[  242429ms] [ERROR] Failed to load resource: net::ERR_FAILED @ chrome-extension://invalid/:0
[  242532ms] [ERROR] Failed to load resource: net::ERR_FAILED @ chrome-extension://invalid/:0
[  242633ms] [ERROR] Failed to load resource: net::ERR_FAILED @ chrome-extension://invalid/:0
[  242736ms] [ERROR] Failed to load resource: net::ERR_FAILED @ chrome-extension://invalid/:0
[  242837ms] [ERROR] Failed to load resource: net::ERR_FAILED @ chrome-extension://invalid/:0
[  242940ms] [ERROR] Failed to load resource: net::ERR_FAILED @ chrome-extension://invalid/:0
[  243041ms] [ERROR] Failed to load resource: net::ERR_FAILED @ chrome-extension://invalid/:0
[  243143ms] [ERROR] Failed to load resource: net::ERR_FAILED @ chrome-extension://invalid/:0
[  243245ms] [ERROR] Failed to load resource: net::ERR_FAILED @ chrome-extension://invalid/:0
[  243347ms] [ERROR] Failed to load resource: net::ERR_FAILED @ chrome-extension://invalid/:0
[  243449ms] [ERROR] Failed to load resource: net::ERR_FAILED @ chrome-extension://invalid/:0
[  243551ms] [ERROR] Failed to load resource: net::ERR_FAILED @ chrome-extension://invalid/:0
[  243652ms] [ERROR] Failed to load resource: net::ERR_FAILED @ chrome-extension://invalid/:0
[  243754ms] [ERROR] Failed to load resource: net::ERR_FAILED @ chrome-extension://invalid/:0
[  243857ms] [ERROR] Failed to load resource: net::ERR_FAILED @ chrome-extension://invalid/:0
[  243959ms] [ERROR] Failed to load resource: net::ERR_FAILED @ chrome-extension://invalid/:0
[  244061ms] [ERROR] Failed to load resource: net::ERR_FAILED @ chrome-extension://invalid/:0
[  244162ms] [ERROR] Failed to load resource: net::ERR_FAILED @ chrome-extension://invalid/:0
[  244265ms] [ERROR] Failed to load resource: net::ERR_FAILED @ chrome-extension://invalid/:0
[  244368ms] [ERROR] Failed to load resource: net::ERR_FAILED @ chrome-extension://invalid/:0
[  244469ms] [ERROR] Failed to load resource: net::ERR_FAILED @ chrome-extension://invalid/:0
[  244572ms] [ERROR] Failed to load resource: net::ERR_FAILED @ chrome-extension://invalid/:0
[  244673ms] [ERROR] Failed to load resource: net::ERR_FAILED @ chrome-extension://invalid/:0
[  244776ms] [ERROR] Failed to load resource: net::ERR_FAILED @ chrome-extension://invalid/:0
[  244877ms] [ERROR] Failed to load resource: net::ERR_FAILED @ chrome-extension://invalid/:0
[  244980ms] [ERROR] Failed to load resource: net::ERR_FAILED @ chrome-extension://invalid/:0
[  245081ms] [ERROR] Failed to load resource: net::ERR_FAILED @ chrome-extension://invalid/:0
[  245182ms] [ERROR] Failed to load resource: net::ERR_FAILED @ chrome-extension://invalid/:0
[  245285ms] [ERROR] Failed to load resource: net::ERR_FAILED @ chrome-extension://invalid/:0
[  245387ms] [ERROR] Failed to load resource: net::ERR_FAILED @ chrome-extension://invalid/:0
[  245489ms] [ERROR] Failed to load resource: net::ERR_FAILED @ chrome-extension://invalid/:0
[  245592ms] [ERROR] Failed to load resource: net::ERR_FAILED @ chrome-extension://invalid/:0
[  245693ms] [ERROR] Failed to load resource: net::ERR_FAILED @ chrome-extension://invalid/:0
[  245796ms] [ERROR] Failed to load resource: net::ERR_FAILED @ chrome-extension://invalid/:0
[  245897ms] [ERROR] Failed to load resource: net::ERR_FAILED @ chrome-extension://invalid/:0
[  245998ms] [ERROR] Failed to load resource: net::ERR_FAILED @ chrome-extension://invalid/:0
[  246101ms] [ERROR] Failed to load resource: net::ERR_FAILED @ chrome-extension://invalid/:0
[  246203ms] [ERROR] Failed to load resource: net::ERR_FAILED @ chrome-extension://invalid/:0
[  246305ms] [ERROR] Failed to load resource: net::ERR_FAILED @ chrome-extension://invalid/:0
[  246407ms] [ERROR] Failed to load resource: net::ERR_FAILED @ chrome-extension://invalid/:0
[  246509ms] [ERROR] Failed to load resource: net::ERR_FAILED @ chrome-extension://invalid/:0
[  246612ms] [ERROR] Failed to load resource: net::ERR_FAILED @ chrome-extension://invalid/:0
[  246713ms] [ERROR] Failed to load resource: net::ERR_FAILED @ chrome-extension://invalid/:0
[  246816ms] [ERROR] Failed to load resource: net::ERR_FAILED @ chrome-extension://invalid/:0
[  246917ms] [ERROR] Failed to load resource: net::ERR_FAILED @ chrome-extension://invalid/:0
[  247018ms] [ERROR] Failed to load resource: net::ERR_FAILED @ chrome-extension://invalid/:0
[  247121ms] [ERROR] Failed to load resource: net::ERR_FAILED @ chrome-extension://invalid/:0
[  247222ms] [ERROR] Failed to load resource: net::ERR_FAILED @ chrome-extension://invalid/:0
[  247323ms] [ERROR] Failed to load resource: net::ERR_FAILED @ chrome-extension://invalid/:0
[  247425ms] [ERROR] Failed to load resource: net::ERR_FAILED @ chrome-extension://invalid/:0
[  247528ms] [ERROR] Failed to load resource: net::ERR_FAILED @ chrome-extension://invalid/:0
[  247629ms] [ERROR] Failed to load resource: net::ERR_FAILED @ chrome-extension://invalid/:0
[  247731ms] [ERROR] Failed to load resource: net::ERR_FAILED @ chrome-extension://invalid/:0
[  247833ms] [ERROR] Failed to load resource: net::ERR_FAILED @ chrome-extension://invalid/:0
[  247936ms] [ERROR] Failed to load resource: net::ERR_FAILED @ chrome-extension://invalid/:0
[  248037ms] [ERROR] Failed to load resource: net::ERR_FAILED @ chrome-extension://invalid/:0
[  248140ms] [ERROR] Failed to load resource: net::ERR_FAILED @ chrome-extension://invalid/:0
[  248242ms] [ERROR] Failed to load resource: net::ERR_FAILED @ chrome-extension://invalid/:0
[  248343ms] [ERROR] Failed to load resource: net::ERR_FAILED @ chrome-extension://invalid/:0
[  248447ms] [ERROR] Failed to load resource: net::ERR_FAILED @ chrome-extension://invalid/:0
[  248549ms] [ERROR] Failed to load resource: net::ERR_FAILED @ chrome-extension://invalid/:0
[  248651ms] [ERROR] Failed to load resource: net::ERR_FAILED @ chrome-extension://invalid/:0
[  248753ms] [ERROR] Failed to load resource: net::ERR_FAILED @ chrome-extension://invalid/:0
[  248856ms] [ERROR] Failed to load resource: net::ERR_FAILED @ chrome-extension://invalid/:0
[  248958ms] [ERROR] Failed to load resource: net::ERR_FAILED @ chrome-extension://invalid/:0
[  249060ms] [ERROR] Failed to load resource: net::ERR_FAILED @ chrome-extension://invalid/:0
[  249161ms] [ERROR] Failed to load resource: net::ERR_FAILED @ chrome-extension://invalid/:0
[  249263ms] [ERROR] Failed to load resource: net::ERR_FAILED @ chrome-extension://invalid/:0
